ID,date,meals_served,kitchen_staff,temperature_C,humidity_percent,day_of_week,special_event,past_waste_kg,staff_experience,waste_category,food_waste_kg
854,9/26/2024,218,7,14.8 °C,60.00%,Thursday,0,14.4 kg,Intermediate,Meat,16.81
622,9/25/2024,291,13,28.5 °C,55.16%,Wednesday,0,21.8 kg,Expert,Vegetables,38.97
483,9/24/2024,114,14,32.6 °C,77.04%,Tuesday,0,12.0 kg,Beginner,Vegetables,29.35
490,9/22/2024,326,15,28.0 °C,62.10%,Sunday,0,18.4 kg,Unknown,Meat,37.94
298,9/21/2024,393,9,12.2 °C,59.97%,Saturday,0,23.1 kg,Beginner,Meat,43.74
748,9/19/2024,338,16,16.1 °C,68.28%,Thursday,0,26.4 kg,Intermediate,Dairy,185.69
321,9/18/2024,462,10,23.1 °C,82.42%,Wednesday,0,43.0 kg,Unknown,Vegetables,62.4
533,9/17/2024,337,15,32.0 °C,54.68%,Tuesday,0,19.2 kg,Intermediate,Dairy,32.97
488,9/16/2024,210,19,30.5 °C,77.24%,Monday,0,17.2 kg,Expert,Meat,36.39
807,9/15/2024,102,8,16.4 °C,32.10%,Sunday,0,37.4 kg,Unknown,Meat,27.94
440,9/14/2024,106,14,17.9 °C,81.59%,Saturday,0,13.6 kg,Unknown,Meat,19.18
38,9/13/2024,470,9,26.3 °C,84.92%,Friday,0,29.2 kg,Intermediate,Dairy,57.93
148,9/11/2024,286,17,34.7 °C,50.02%,Wednesday,0,41.1 kg,Intermediate,Dairy,36
804,9/10/2024,113,15,29.0 °C,77.98%,Tuesday,1,38.6 kg,Unknown,Meat,53.28
22,9/9/2024,253,17,12.8 °C,42.37%,Monday,0,6.6 kg,Unknown,Dairy,18.67
801,9/8/2024,464,13,33.0 °C,55.65%,Sunday,0,20.6 kg,Expert,Meat,39.75
599,9/7/2024,485,15,17.4 °C,76.24%,Saturday,0,43.3 kg,Intermediate,Vegetables,67.29
500,9/6/2024,315,15,18.4 °C,47.49%,Friday,0,22.7 kg,Intermediate,Meat,37.11
736,9/5/2024,177,5,34.3 °C,89.26%,Thursday,1,5.5 kg,Intermediate,Grains,21.57
669,9/4/2024,127,16,19.5 °C,45.20%,Wednesday,0,36.3 kg,Expert,Dairy,36.8
222,9/3/2024,113,12,15.2 °C,60.82%,Tuesday,0,43.7 kg,Beginner,Grains,30.17
1027,9/2/2024,313,7,30.6 °C,53.85%,Monday,0,29.0 kg,Expert,Meat,34.78
792,9/1/2024,155,12,10.7 °C,77.21%,Sunday,0,38.5 kg,Beginner,Grains,38.31
855,8/31/2024,226,10,12.3 °C,47.00%,Saturday,0,45.8 kg,Intermediate,Vegetables,48.23
283,8/30/2024,402,5,27.2 °C,59.61%,Friday,1,38.8 kg,Beginner,Meat,65.85
412,8/29/2024,306,17,13.3 °C,53.00%,Thursday,0,9.6 kg,Intermediate,Dairy,32.88
875,8/28/2024,279,17,26.4 °C,83.10%,Wednesday,0,28.2 kg,Expert,Grains,41.14
59,8/27/2024,352,15,34.5 °C,49.98%,Tuesday,0,14.9 kg,Expert,Meat,37.26
543,8/25/2024,212,6,18.1 °C,65.69%,Sunday,0,7.9 kg,Beginner,Meat,23.81
110,8/24/2024,107,12,28.1 °C,65.83%,Saturday,0,12.4 kg,Beginner,Meat,18.32
835,8/23/2024,356,12,13.1 °C,42.92%,Friday,0,29.6 kg,Beginner,Vegetables,38.24
428,8/21/2024,125,14,34.7 °C,51.29%,Wednesday,1,10.1 kg,Intermediate,Dairy,32.54
419,8/20/2024,436,7,18.0 °C,84.67%,Tuesday,0,23.9 kg,Expert,Grains,41.18
448,8/19/2024,160,17,28.5 °C,34.63%,Monday,0,9.3 kg,Intermediate,Dairy,19.11
202,8/18/2024,147,18,12.9 °C,30.95%,Sunday,1,12.6 kg,Unknown,Grains,38.05
86,8/17/2024,418,17,31.4 °C,51.36%,Saturday,0,16.9 kg,Unknown,Meat,37.23
373,8/16/2024,206,12,34.2 °C,31.77%,Friday,0,14.1 kg,Intermediate,Meat,33.18
1025,8/15/2024,449,6,30.0 °C,84.69%,Thursday,0,18.1 kg,Unknown,Vegetables,37.54
756,8/14/2024,155,5,17.8 °C,33.00%,Wednesday,0,35.8 kg,Beginner,Grains,38.64
1037,8/13/2024,338,17,30.5 °C,79.10%,Tuesday,0,43.2 kg,Intermediate,Meat,48.37
794,8/12/2024,313,9,28.3 °C,69.24%,Monday,0,28.3 kg,Beginner,Vegetables,41.92
574,8/11/2024,220,16,19.1 °C,42.24%,Sunday,0,17.8 kg,Expert,Vegetables,27.43
857,8/10/2024,146,17,10.8 °C,72.05%,Saturday,0,28.3 kg,Unknown,Grains,35.18
512,8/9/2024,348,16,25.0 °C,70.24%,Friday,0,30.4 kg,Intermediate,Grains,38.96
766,8/8/2024,381,9,22.7 °C,62.81%,Thursday,0,44.1 kg,Beginner,Grains,61.47
111,8/7/2024,172,10,14.2 °C,43.75%,Wednesday,0,49.7 kg,Intermediate,Meat,39.18
546,8/6/2024,400,6,32.4 °C,89.78%,Tuesday,0,23.2 kg,Beginner,Grains,43.32
527,8/5/2024,317,14,19.1 °C,56.30%,Monday,0,15.4 kg,Intermediate,Vegetables,167.72
922,8/4/2024,177,9,25.3 °C,60.76%,Sunday,0,44.8 kg,Intermediate,Meat,51.52
640,8/1/2024,445,10,21.2 °C,78.43%,Thursday,0,34.4 kg,Beginner,Vegetables,53.49
991,7/31/2024,111,19,23.0 °C,35.06%,Wednesday,0,20.6 kg,Intermediate,Grains,22.37
868,7/29/2024,232,12,14.9 °C,49.62%,Monday,0,32.8 kg,Unknown,Meat,36.71
67,7/26/2024,121,15,16.9 °C,69.90%,Friday,0,16.3 kg,Intermediate,Meat,21.77
614,7/25/2024,416,9,28.9 °C,42.88%,Thursday,0,47.5 kg,Beginner,Meat,59.61
822,7/24/2024,269,13,18.9 °C,74.36%,Wednesday,0,29.6 kg,Beginner,Grains,38.46
314,7/23/2024,191,12,12.4 °C,67.03%,Tuesday,0,37.4 kg,Unknown,Dairy,43.61
136,7/22/2024,104,19,14.7 °C,73.54%,Monday,0,22.2 kg,Expert,Grains,31.22
534,7/21/2024,376,13,14.9 °C,43.23%,Sunday,0,24.1 kg,Intermediate,Meat,40.12
987,7/20/2024,150,14,13.6 °C,86.38%,Saturday,1,23.1 kg,Intermediate,Vegetables,47.44
704,7/19/2024,221,16,12.3 °C,62.52%,Friday,0,40.6 kg,Intermediate,Vegetables,35.26
626,7/18/2024,160,6,19.9 °C,86.18%,Thursday,0,26.0 kg,Intermediate,Dairy,30.97
68,7/17/2024,259,13,21.3 °C,53.14%,Wednesday,0,49.2 kg,Intermediate,Grains,53.35
563,7/16/2024,192,7,19.3 °C,67.65%,Tuesday,0,22.0 kg,Intermediate,Vegetables,32.16
475,7/15/2024,254,13,30.0 °C,33.03%,Monday,0,42.3 kg,Beginner,Meat,45.34
641,7/13/2024,451,16,17.1 °C,67.51%,Saturday,0,10.1 kg,Intermediate,Meat,35.6
344,7/11/2024,380,7,12.4 °C,30.40%,Thursday,0,25.6 kg,Intermediate,Dairy,32.78
952,7/10/2024,283,12,23.8 °C,86.34%,Wednesday,1,38.8 kg,Beginner,Dairy,59.01
703,7/9/2024,487,13,24.0 °C,42.79%,Tuesday,0,40.2 kg,Unknown,Vegetables,54.6
773,7/8/2024,459,15,28.8 °C,66.74%,Monday,0,26.4 kg,Intermediate,Dairy,54.25
49,7/7/2024,487,6,24.0 °C,56.95%,Sunday,0,25.6 kg,Unknown,Grains,44.27
125,7/6/2024,107,9,33.7 °C,37.02%,Saturday,0,17.7 kg,Beginner,Meat,20.9
184,7/4/2024,473,8,14.0 °C,30.12%,Thursday,0,20.2 kg,Intermediate,Dairy,43.04
877,7/2/2024,435,13,13.2 °C,61.55%,Tuesday,1,19.6 kg,Expert,Meat,52.71
860,7/1/2024,282,19,10.5 °C,65.01%,Monday,0,7.8 kg,Beginner,Meat,29.9
153,6/30/2024,250,17,28.9 °C,70.32%,Sunday,0,33.1 kg,Intermediate,Meat,41.6
744,6/29/2024,348,12,29.0 °C,57.04%,Saturday,0,7.2 kg,Intermediate,Meat,29.43
827,6/27/2024,470,10,31.8 °C,52.40%,Thursday,0,43.4 kg,Intermediate,Dairy,55.98
629,6/26/2024,339,7,18.5 °C,72.23%,Wednesday,0,19.2 kg,Intermediate,Vegetables,33.3
462,6/25/2024,142,7,22.4 °C,68.50%,Tuesday,0,43.8 kg,Intermediate,Meat,34.46
677,6/24/2024,334,12,29.9 °C,63.20%,Monday,0,42.6 kg,Unknown,Grains,50.09
548,6/23/2024,225,5,34.5 °C,35.53%,Sunday,0,37.6 kg,Expert,Meat,35.84
809,6/22/2024,304,18,18.9 °C,57.48%,Saturday,0,18.0 kg,Intermediate,Grains,36.34
437,6/21/2024,152,6,12.8 °C,71.75%,Friday,0,22.5 kg,Intermediate,Vegetables,26.75
219,6/20/2024,361,6,29.7 °C,55.82%,Thursday,0,45.2 kg,Beginner,Dairy,53.18
662,6/19/2024,133,7,17.3 °C,34.10%,Wednesday,0,8.1 kg,Expert,Grains,20.07
606,6/18/2024,168,14,28.7 °C,85.53%,Tuesday,0,11.2 kg,Expert,Grains,23.75
568,6/17/2024,439,15,21.5 °C,40.33%,Monday,0,41.2 kg,Intermediate,Meat,64.15
1000,6/16/2024,372,17,31.6 °C,65.72%,Sunday,0,38.8 kg,Intermediate,Meat,49.35
782,6/15/2024,429,5,12.4 °C,38.64%,Saturday,0,43.5 kg,Unknown,Meat,55.86
707,6/14/2024,283,14,15.4 °C,71.39%,Friday,0,27.8 kg,Expert,Meat,205.02
631,6/13/2024,237,8,26.6 °C,62.98%,Thursday,0,22.4 kg,Expert,Vegetables,31.85
608,6/12/2024,487,7,13.5 °C,67.84%,Wednesday,0,39.9 kg,Intermediate,Grains,53.8
638,6/11/2024,384,13,20.7 °C,74.41%,Tuesday,0,16.6 kg,Unknown,Vegetables,30.54
273,6/10/2024,232,5,31.2 °C,61.01%,Monday,0,41.6 kg,Beginner,Grains,40.68
155,6/9/2024,180,11,15.7 °C,66.33%,Sunday,0,37.8 kg,Intermediate,Meat,39.13
346,6/8/2024,150,19,25.3 °C,34.44%,Saturday,0,11.1 kg,Beginner,Meat,28.13
65,6/7/2024,205,10,23.7 °C,61.18%,Friday,0,17.6 kg,Intermediate,Meat,22.88
429,6/5/2024,129,9,23.6 °C,64.93%,Wednesday,0,16.2 kg,Expert,Vegetables,21.42
619,6/4/2024,434,10,20.1 °C,41.39%,Tuesday,0,6.1 kg,Intermediate,Meat,41.23
18,6/3/2024,265,12,15.7 °C,63.33%,Monday,0,26.9 kg,Beginner,Meat,38.22
720,6/2/2024,348,7,34.5 °C,88.74%,Sunday,0,19.8 kg,Intermediate,Dairy,43.31
60,6/1/2024,407,14,23.6 °C,62.87%,Saturday,1,13.3 kg,Intermediate,Grains,50.64
816,5/31/2024,446,5,27.1 °C,36.19%,Friday,0,37.5 kg,Intermediate,Dairy,46.16
589,5/30/2024,434,13,12.2 °C,88.63%,Thursday,0,10.5 kg,Expert,Meat,42.27
81,5/29/2024,385,14,20.5 °C,57.01%,Wednesday,0,10.6 kg,Intermediate,Meat,28.11
955,5/28/2024,437,13,28.0 °C,30.69%,Tuesday,0,31.2 kg,Unknown,Vegetables,49.66
123,5/27/2024,197,6,10.6 °C,84.88%,Monday,0,45.4 kg,Beginner,Dairy,43.79
847,5/26/2024,405,15,14.6 °C,86.48%,Sunday,0,37.0 kg,Beginner,Meat,65.43
1021,5/25/2024,393,14,34.2 °C,49.52%,Saturday,0,36.8 kg,Beginner,Grains,50.28
535,5/24/2024,325,18,33.7 °C,89.42%,Friday,0,12.9 kg,Unknown,Grains,40.61
53,5/23/2024,351,17,17.7 °C,66.07%,Thursday,0,7.6 kg,Intermediate,Dairy,25.96
240,5/22/2024,291,7,18.5 °C,77.12%,Wednesday,1,26.7 kg,Beginner,Grains,40.29
1043,5/21/2024,202,9,14.8 °C,76.86%,Tuesday,0,41.5 kg,Intermediate,Meat,42.89
738,5/19/2024,165,19,13.6 °C,74.01%,Sunday,0,9.6 kg,Beginner,Grains,34.47
806,5/17/2024,440,8,22.4 °C,88.92%,Friday,0,29.0 kg,Intermediate,Grains,49.71
149,5/16/2024,328,12,25.6 °C,52.89%,Thursday,0,9.2 kg,Expert,Vegetables,21.51
576,5/15/2024,306,15,29.7 °C,42.32%,Wednesday,0,13.7 kg,Beginner,Meat,32.57
858,5/14/2024,402,8,30.7 °C,34.33%,Tuesday,0,36.3 kg,Beginner,Meat,40.63
884,5/13/2024,354,8,19.8 °C,70.65%,Monday,0,16.9 kg,Intermediate,Grains,29.78
968,5/12/2024,211,11,32.1 °C,50.01%,Sunday,0,18.8 kg,Intermediate,Dairy,29.37
487,5/11/2024,412,13,13.2 °C,35.04%,Saturday,0,38.2 kg,Intermediate,Vegetables,54.42
1049,5/10/2024,350,6,23.7 °C,51.35%,Friday,0,46.8 kg,Intermediate,Vegetables,57.07
330,5/9/2024,321,17,28.3 °C,44.83%,Thursday,0,36.7 kg,Intermediate,Vegetables,49.19
169,5/8/2024,488,18,15.9 °C,66.33%,Wednesday,0,42.6 kg,Expert,Vegetables,62.42
889,5/7/2024,335,15,22.6 °C,82.68%,Tuesday,0,38.7 kg,Beginner,Meat,52.08
1031,5/6/2024,153,12,29.3 °C,55.83%,Monday,0,28.3 kg,Unknown,Grains,38.31
449,5/5/2024,367,18,17.9 °C,86.10%,Sunday,1,17.9 kg,Intermediate,Dairy,46.6
116,5/4/2024,405,19,18.7 °C,54.70%,Saturday,0,11.3 kg,Intermediate,Dairy,29.13
765,5/3/2024,478,12,24.1 °C,41.49%,Friday,0,10.4 kg,Intermediate,Vegetables,44.48
455,5/2/2024,358,11,25.5 °C,53.44%,Thursday,0,40.5 kg,Beginner,Vegetables,60.04
758,5/1/2024,217,10,11.2 °C,31.19%,Wednesday,0,38.3 kg,Beginner,Vegetables,36.08
630,4/30/2024,261,16,31.3 °C,41.21%,Tuesday,0,42.3 kg,Intermediate,Meat,48.3
395,4/29/2024,349,15,13.9 °C,39.77%,Monday,0,17.3 kg,Intermediate,Vegetables,30.76
754,4/28/2024,253,9,16.7 °C,44.85%,Sunday,0,35.6 kg,Beginner,Grains,46.06
21,4/27/2024,138,17,31.1 °C,67.68%,Saturday,0,21.0 kg,Intermediate,Vegetables,29.54
618,4/26/2024,171,9,20.7 °C,88.91%,Friday,0,8.8 kg,Intermediate,Meat,22.7
830,4/25/2024,194,14,19.3 °C,81.04%,Thursday,0,43.3 kg,Intermediate,Vegetables,41.15
798,4/24/2024,447,15,34.4 °C,86.12%,Wednesday,0,14.3 kg,Intermediate,Dairy,44.07
267,4/23/2024,133,16,29.7 °C,48.77%,Tuesday,1,31.3 kg,Expert,Meat,45.62
386,4/21/2024,468,12,16.9 °C,60.09%,Sunday,0,13.6 kg,Expert,Meat,37.51
1011,4/20/2024,359,13,10.9 °C,78.98%,Saturday,0,19.7 kg,Intermediate,Meat,32.08
918,4/19/2024,304,5,11.1 °C,48.99%,Friday,0,32.6 kg,Unknown,Meat,41.87
790,4/16/2024,100,19,21.8 °C,78.53%,Tuesday,0,13.0 kg,Beginner,Vegetables,25.53
245,4/15/2024,465,18,33.1 °C,82.76%,Monday,0,27.4 kg,Expert,Grains,54.1
73,4/14/2024,177,9,20.0 °C,43.60%,Sunday,0,28.2 kg,Intermediate,Vegetables,36.37
311,4/12/2024,244,13,15.6 °C,72.86%,Friday,0,18.9 kg,Expert,Meat,175.51
1018,4/11/2024,182,9,11.4 °C,87.69%,Thursday,0,23.8 kg,Expert,Grains,30.49
799,4/10/2024,301,18,10.2 °C,37.11%,Wednesday,0,43.5 kg,Expert,Vegetables,52.16
661,4/9/2024,264,6,29.5 °C,58.94%,Tuesday,0,36.5 kg,Beginner,Vegetables,44.81
23,4/8/2024,152,8,32.7 °C,48.53%,Monday,0,27.2 kg,Expert,Grains,31.26
33,4/6/2024,358,18,11.3 °C,62.44%,Saturday,0,43.6 kg,Expert,Grains,46.62
379,4/5/2024,457,12,25.8 °C,62.06%,Friday,0,38.2 kg,Unknown,Dairy,55.85
791,4/4/2024,232,18,27.7 °C,72.37%,Thursday,0,11.2 kg,Intermediate,Meat,28.18
362,4/2/2024,296,7,20.9 °C,63.54%,Tuesday,0,20.0 kg,Intermediate,Dairy,29.02
446,3/31/2024,410,18,21.5 °C,80.60%,Sunday,0,6.0 kg,Intermediate,Dairy,168.87
810,3/30/2024,484,5,19.4 °C,66.95%,Saturday,0,7.4 kg,Expert,Meat,41.26
1014,3/29/2024,198,9,15.6 °C,77.85%,Friday,0,24.3 kg,Expert,Grains,41.3
555,3/28/2024,204,8,31.3 °C,37.46%,Thursday,0,28.0 kg,Unknown,Dairy,30.47
322,3/27/2024,197,11,11.4 °C,76.93%,Wednesday,0,35.0 kg,Beginner,Vegetables,52.83
967,3/26/2024,276,19,29.6 °C,30.96%,Tuesday,0,35.6 kg,Expert,Meat,43.85
717,3/25/2024,382,13,33.2 °C,84.39%,Monday,0,32.8 kg,Expert,Grains,52.34
438,3/24/2024,414,18,27.4 °C,53.23%,Sunday,0,29.1 kg,Intermediate,Meat,44.41
943,3/23/2024,441,14,24.7 °C,60.40%,Saturday,0,48.3 kg,Unknown,Meat,58.31
805,3/21/2024,162,19,27.5 °C,48.72%,Thursday,0,41.3 kg,Expert,Vegetables,42.45
368,3/20/2024,381,16,14.1 °C,62.96%,Wednesday,0,32.6 kg,Intermediate,Meat,42.14
724,3/19/2024,440,12,34.5 °C,56.12%,Tuesday,0,22.8 kg,Beginner,Meat,43.31
258,3/18/2024,366,13,24.1 °C,70.26%,Monday,0,28.9 kg,Intermediate,Vegetables,49.18
813,3/17/2024,276,16,15.1 °C,75.88%,Sunday,0,9.8 kg,Intermediate,Vegetables,27.55
1039,3/16/2024,338,9,33.8 °C,37.13%,Saturday,0,22.1 kg,Expert,Meat,34.75
910,3/15/2024,323,18,28.5 °C,39.44%,Friday,1,6.2 kg,Intermediate,Vegetables,50.2
139,3/14/2024,245,17,28.7 °C,69.91%,Thursday,0,26.8 kg,Intermediate,Grains,35.35
671,3/13/2024,164,5,34.8 °C,42.80%,Wednesday,0,31.8 kg,Expert,Dairy,30.72
648,3/12/2024,473,18,27.2 °C,38.53%,Tuesday,0,10.1 kg,Expert,Vegetables,38.85
715,3/11/2024,388,17,14.5 °C,33.11%,Monday,0,14.9 kg,Intermediate,Dairy,29.68
40,3/10/2024,218,8,22.4 °C,31.85%,Sunday,0,34.8 kg,Beginner,Dairy,31.83
293,3/9/2024,104,18,25.9 °C,50.68%,Saturday,1,26.6 kg,Intermediate,Meat,37.81
853,3/8/2024,464,11,14.3 °C,81.03%,Friday,0,32.9 kg,Unknown,Grains,47.2
118,3/7/2024,350,15,17.5 °C,37.51%,Thursday,0,25.9 kg,Unknown,Vegetables,33.25
473,3/4/2024,411,17,30.0 °C,35.89%,Monday,0,7.8 kg,Expert,Grains,35.16
611,3/3/2024,109,17,11.6 °C,40.81%,Sunday,1,5.9 kg,Intermediate,Meat,27.97
953,3/2/2024,402,11,19.3 °C,39.54%,Saturday,0,25.1 kg,Intermediate,Meat,40.62
653,3/1/2024,296,15,15.9 °C,56.93%,Friday,0,38.5 kg,Intermediate,Vegetables,47.1
129,2/29/2024,355,18,28.4 °C,88.35%,Thursday,0,6.9 kg,Expert,Meat,30.25
580,2/28/2024,470,6,13.1 °C,40.33%,Wednesday,0,29.5 kg,Beginner,Meat,53.68
312,2/27/2024,181,14,19.3 °C,72.51%,Tuesday,0,20.3 kg,Unknown,Vegetables,32.01
377,2/26/2024,489,7,23.0 °C,76.84%,Monday,0,32.1 kg,Intermediate,Meat,48.94
255,2/25/2024,352,11,30.6 °C,63.61%,Sunday,0,40.6 kg,Expert,Dairy,51.05
115,2/24/2024,134,6,29.6 °C,37.80%,Saturday,0,49.4 kg,Beginner,Meat,36.16
398,2/22/2024,496,16,28.7 °C,86.95%,Thursday,0,40.8 kg,Expert,Dairy,65.38
663,2/20/2024,319,17,13.7 °C,58.91%,Tuesday,0,19.1 kg,Unknown,Grains,29.39
917,2/19/2024,311,5,25.9 °C,67.71%,Monday,0,24.4 kg,Intermediate,Meat,45.2
763,2/17/2024,244,17,10.6 °C,61.06%,Saturday,0,29.9 kg,Intermediate,Meat,33.5
1003,2/16/2024,291,13,25.1 °C,46.14%,Friday,1,46.3 kg,Intermediate,Vegetables,55.47
992,2/15/2024,327,10,25.0 °C,31.24%,Thursday,0,13.6 kg,Expert,Meat,33.68
683,2/14/2024,140,17,22.2 °C,75.23%,Wednesday,0,42.3 kg,Beginner,Dairy,45.64
925,2/12/2024,319,5,27.6 °C,52.84%,Monday,0,16.8 kg,Intermediate,Meat,33.42
979,2/11/2024,127,12,15.6 °C,38.98%,Sunday,0,36.1 kg,Unknown,Vegetables,31.89
276,2/10/2024,277,19,12.6 °C,62.55%,Saturday,0,26.9 kg,Unknown,Dairy,44.95
1041,2/9/2024,415,11,28.1 °C,75.75%,Friday,0,8.9 kg,Unknown,Meat,41.32
900,2/8/2024,285,16,22.8 °C,43.23%,Thursday,0,44.3 kg,Intermediate,Grains,48.51
467,2/7/2024,235,11,31.9 °C,54.35%,Wednesday,0,14.8 kg,Unknown,Dairy,27.06
896,2/6/2024,189,11,20.1 °C,89.97%,Tuesday,1,27.5 kg,Unknown,Dairy,46.18
493,2/5/2024,263,14,19.7 °C,50.22%,Monday,0,19.1 kg,Beginner,Grains,35.33
747,2/4/2024,447,12,16.9 °C,37.52%,Sunday,0,7.5 kg,Intermediate,Meat,37.23
950,2/3/2024,221,15,14.2 °C,46.29%,Saturday,0,31.1 kg,Expert,Dairy,43.37
372,2/2/2024,107,9,10.7 °C,45.17%,Friday,0,31.2 kg,Beginner,Dairy,146.55
401,2/1/2024,472,7,10.4 °C,79.08%,Thursday,0,27.6 kg,Expert,Vegetables,46.99
570,1/31/2024,255,6,10.1 °C,83.76%,Wednesday,0,5.2 kg,Intermediate,Grains,23.43
700,1/29/2024,371,16,13.5 °C,75.54%,Monday,0,45.1 kg,Beginner,Vegetables,56.2
564,1/28/2024,323,16,15.4 °C,54.96%,Sunday,0,14.1 kg,Intermediate,Meat,36.12
713,1/27/2024,429,7,29.5 °C,68.44%,Saturday,0,32.0 kg,Intermediate,Meat,47.23
217,1/26/2024,111,12,26.1 °C,73.90%,Friday,0,18.6 kg,Intermediate,Vegetables,17.16
716,1/25/2024,243,19,19.6 °C,48.61%,Thursday,0,37.8 kg,Intermediate,Meat,47.99
472,1/24/2024,358,18,13.1 °C,41.47%,Wednesday,0,44.5 kg,Expert,Dairy,58.91
418,1/23/2024,473,5,22.6 °C,33.11%,Tuesday,0,8.6 kg,Intermediate,Vegetables,30.88
776,1/22/2024,153,11,21.8 °C,82.96%,Monday,0,17.7 kg,Intermediate,Meat,23.56
35,1/20/2024,100,15,28.9 °C,30.61%,Saturday,0,15.8 kg,Beginner,Meat,20.36
957,1/19/2024,242,6,27.0 °C,42.21%,Friday,1,37.2 kg,Expert,Meat,54.8
1032,1/18/2024,113,7,29.0 °C,42.03%,Thursday,0,31.2 kg,Intermediate,Meat,32.4
366,1/17/2024,404,11,28.7 °C,73.39%,Wednesday,0,30.7 kg,Unknown,Dairy,45.51
607,1/16/2024,332,8,10.3 °C,51.73%,Tuesday,0,10.0 kg,Intermediate,Dairy,30.4
839,1/15/2024,146,18,30.8 °C,33.68%,Monday,0,20.4 kg,Unknown,Grains,32.82
52,1/14/2024,119,19,31.0 °C,65.43%,Sunday,0,41.6 kg,Intermediate,Dairy,39.24
883,1/13/2024,246,6,31.2 °C,61.92%,Saturday,0,16.1 kg,Expert,Grains,30.22
680,1/11/2024,263,11,23.5 °C,53.51%,Thursday,0,43.2 kg,Intermediate,Meat,44.2
664,1/10/2024,328,15,19.4 °C,85.86%,Wednesday,1,15.4 kg,Expert,Grains,42.1
904,1/9/2024,351,6,27.2 °C,47.40%,Tuesday,0,29.5 kg,Expert,Dairy,53.74
451,1/8/2024,302,12,25.4 °C,32.72%,Monday,0,14.3 kg,Intermediate,Meat,31.79
494,1/7/2024,312,7,30.4 °C,57.80%,Sunday,0,29.6 kg,Beginner,Grains,49.74
800,1/6/2024,473,13,28.6 °C,60.94%,Saturday,0,14.1 kg,Beginner,Vegetables,236.74
879,1/4/2024,248,9,26.4 °C,51.16%,Thursday,0,21.2 kg,Intermediate,Meat,39.51
242,1/2/2024,416,18,14.9 °C,73.60%,Tuesday,0,43.4 kg,Expert,Grains,64.14
41,1/1/2024,272,11,17.0 °C,32.86%,Monday,0,30.9 kg,Unknown,Meat,39.5
974,12/31/2023,259,14,32.0 °C,79.60%,Sunday,0,8.3 kg,Expert,Meat,25.55
911,12/29/2023,143,9,30.3 °C,57.60%,Friday,0,14.0 kg,Unknown,Grains,16.54
963,12/28/2023,157,14,24.0 °C,82.77%,Thursday,0,23.6 kg,Beginner,Meat,30.12
906,12/27/2023,233,11,14.0 °C,47.71%,Wednesday,0,28.3 kg,Intermediate,Meat,39.96
959,12/26/2023,216,5,20.9 °C,51.86%,Tuesday,0,22.0 kg,Beginner,Vegetables,34.68
523,12/25/2023,411,11,31.9 °C,68.16%,Monday,0,26.3 kg,Beginner,Meat,46.2
432,12/24/2023,468,14,24.4 °C,31.97%,Sunday,0,26.2 kg,Intermediate,Meat,251.54
639,12/23/2023,290,19,12.3 °C,65.63%,Saturday,1,13.7 kg,Beginner,Vegetables,46.06
958,12/21/2023,447,17,12.7 °C,45.32%,Thursday,0,39.2 kg,Unknown,Meat,47.26
327,12/19/2023,100,14,28.6 °C,62.67%,Tuesday,0,31.4 kg,Beginner,Dairy,38.5
235,12/18/2023,460,15,29.0 °C,83.33%,Monday,0,47.0 kg,Intermediate,Grains,65.15
9,12/16/2023,416,16,18.6 °C,75.79%,Saturday,1,34.6 kg,Intermediate,Meat,72.05
239,12/15/2023,247,13,13.8 °C,54.06%,Friday,0,48.6 kg,Intermediate,Meat,50.45
424,12/14/2023,157,6,22.2 °C,80.75%,Thursday,0,24.2 kg,Unknown,Grains,40.01
459,12/13/2023,225,13,34.1 °C,84.23%,Wednesday,0,15.9 kg,Intermediate,Meat,20.48
760,12/12/2023,319,12,12.3 °C,55.81%,Tuesday,0,29.8 kg,Intermediate,Meat,35.35
836,12/11/2023,341,10,27.1 °C,38.63%,Monday,0,36.0 kg,Expert,Dairy,47.77
492,12/10/2023,240,10,12.7 °C,80.38%,Sunday,0,42.1 kg,Expert,Grains,39.57
463,12/9/2023,272,9,28.2 °C,49.58%,Saturday,0,32.9 kg,Beginner,Meat,39.1
684,12/8/2023,225,11,23.5 °C,55.65%,Friday,0,46.7 kg,Intermediate,Meat,44.27
712,12/7/2023,138,5,16.7 °C,63.80%,Thursday,0,35.2 kg,Expert,Grains,29.44
328,12/6/2023,118,9,28.8 °C,73.15%,Wednesday,1,30.3 kg,Unknown,Dairy,37.28
91,12/5/2023,445,19,18.0 °C,55.88%,Tuesday,0,41.9 kg,Beginner,Meat,55.89
976,12/4/2023,301,12,11.4 °C,43.49%,Monday,0,46.6 kg,Expert,Dairy,53.09
961,12/3/2023,190,7,14.5 °C,70.77%,Sunday,0,36.4 kg,Expert,Meat,31.27
226,12/2/2023,266,12,24.0 °C,38.89%,Saturday,0,42.2 kg,Intermediate,Meat,49.85
1028,12/1/2023,281,18,28.7 °C,87.38%,Friday,1,38.6 kg,Beginner,Grains,56.33
867,11/30/2023,463,16,34.5 °C,43.72%,Thursday,0,28.9 kg,Intermediate,Grains,48.55
102,11/29/2023,374,19,15.5 °C,75.11%,Wednesday,0,25.3 kg,Intermediate,Dairy,50.81
409,11/28/2023,351,5,25.9 °C,80.39%,Tuesday,0,33.5 kg,Intermediate,Vegetables,38.23
205,11/26/2023,391,13,16.5 °C,88.46%,Sunday,0,39.6 kg,Intermediate,Grains,47.67
634,11/25/2023,231,14,32.0 °C,82.64%,Saturday,0,26.5 kg,Unknown,Meat,46.32
157,11/24/2023,400,5,17.9 °C,84.13%,Friday,0,26.5 kg,Expert,Vegetables,39.9
820,11/23/2023,316,17,26.8 °C,80.84%,Thursday,0,32.9 kg,Beginner,Dairy,45.7
886,11/22/2023,426,5,34.8 °C,54.94%,Wednesday,0,27.9 kg,Intermediate,Meat,48.94
1,11/21/2023,244,15,10.3 °C,64.43%,Tuesday,0,42.3 kg,Unknown,Meat,51.55
354,11/20/2023,441,15,22.4 °C,53.18%,Monday,1,27.7 kg,Beginner,Meat,56.19
698,11/19/2023,420,16,26.9 °C,89.55%,Sunday,0,36.8 kg,Expert,Dairy,51.13
1024,11/18/2023,464,9,33.2 °C,67.32%,Saturday,0,10.2 kg,Beginner,Dairy,44.96
522,11/16/2023,438,16,14.1 °C,56.66%,Thursday,0,36.5 kg,Unknown,Grains,49.54
908,11/15/2023,264,6,19.7 °C,33.46%,Wednesday,0,38.1 kg,Unknown,Grains,40.79
489,11/14/2023,128,10,23.8 °C,31.96%,Tuesday,1,48.6 kg,Expert,Vegetables,60.93
862,11/13/2023,104,18,19.4 °C,35.44%,Monday,0,16.7 kg,Intermediate,Meat,25.77
710,11/12/2023,293,7,12.4 °C,68.13%,Sunday,0,14.5 kg,Unknown,Meat,21.32
435,11/11/2023,221,16,25.0 °C,58.89%,Saturday,0,47.8 kg,Intermediate,Meat,44.93
553,11/10/2023,382,16,12.8 °C,60.76%,Friday,0,13.4 kg,Unknown,Meat,38.33
42,11/9/2023,492,9,11.1 °C,59.68%,Thursday,0,14.9 kg,Intermediate,Grains,45.21
831,11/8/2023,269,6,13.9 °C,87.29%,Wednesday,0,40.7 kg,Beginner,Grains,34.84
11,11/7/2023,267,7,25.4 °C,89.41%,Tuesday,0,23.1 kg,Expert,Grains,33.23
929,11/6/2023,240,7,23.0 °C,39.23%,Monday,0,10.3 kg,Intermediate,Dairy,19.96
252,11/5/2023,273,11,33.0 °C,84.08%,Sunday,0,34.9 kg,Expert,Meat,50.76
824,11/3/2023,329,14,12.9 °C,83.68%,Friday,0,34.5 kg,Beginner,Vegetables,53.22
66,11/2/2023,352,12,21.9 °C,54.17%,Thursday,0,42.3 kg,Intermediate,Vegetables,52.87
693,11/1/2023,173,15,13.1 °C,44.75%,Wednesday,0,25.1 kg,Expert,Dairy,40
336,10/31/2023,108,17,18.1 °C,45.23%,Tuesday,1,13.7 kg,Expert,Vegetables,26.88
481,10/30/2023,175,13,32.4 °C,78.50%,Monday,0,36.5 kg,Unknown,Meat,249.17
221,10/29/2023,338,5,22.0 °C,60.88%,Sunday,0,31.7 kg,Intermediate,Meat,35.14
826,10/26/2023,334,13,16.5 °C,32.76%,Thursday,0,47.9 kg,Intermediate,Dairy,44.28
182,10/25/2023,320,13,16.4 °C,78.29%,Wednesday,0,44.5 kg,Unknown,Dairy,47.18
549,10/24/2023,314,9,10.3 °C,63.12%,Tuesday,0,27.7 kg,Beginner,Vegetables,46.05
536,10/23/2023,262,6,26.7 °C,52.62%,Monday,0,32.3 kg,Intermediate,Vegetables,38.91
767,10/22/2023,232,14,34.4 °C,77.07%,Sunday,0,49.1 kg,Intermediate,Grains,44.35
734,10/21/2023,221,13,15.7 °C,80.12%,Saturday,0,41.1 kg,Beginner,Grains,45.11
518,10/20/2023,322,6,29.6 °C,66.18%,Friday,0,5.7 kg,Intermediate,Meat,18.62
114,10/19/2023,497,15,32.5 °C,81.31%,Thursday,0,27.6 kg,Beginner,Meat,56.47
393,10/18/2023,285,17,22.9 °C,75.81%,Wednesday,0,42.6 kg,Beginner,Meat,52.26
874,10/17/2023,141,15,12.1 °C,87.61%,Tuesday,0,10.2 kg,Beginner,Grains,21.89
43,10/16/2023,280,18,20.6 °C,76.88%,Monday,1,14.6 kg,Beginner,Grains,53.6
332,10/15/2023,208,5,11.7 °C,57.49%,Sunday,0,26.7 kg,Beginner,Grains,140.09
741,10/14/2023,138,15,30.8 °C,43.92%,Saturday,0,24.8 kg,Unknown,Meat,28.31
19,10/13/2023,156,8,23.7 °C,48.60%,Friday,0,11.3 kg,Expert,Dairy,127.44
833,10/11/2023,250,7,18.9 °C,81.25%,Wednesday,0,26.4 kg,Beginner,Meat,33.89
1013,10/9/2023,478,19,33.6 °C,88.02%,Monday,0,10.3 kg,Intermediate,Vegetables,44.82
859,10/8/2023,124,8,34.3 °C,87.17%,Sunday,0,43.9 kg,Intermediate,Dairy,43.86
290,10/7/2023,495,14,34.8 °C,53.71%,Saturday,0,6.9 kg,Intermediate,Grains,32.73
592,10/6/2023,198,5,21.6 °C,71.90%,Friday,0,39.2 kg,Expert,Meat,37.9
901,10/5/2023,168,12,19.7 °C,51.30%,Thursday,0,5.9 kg,Expert,Dairy,25.43
803,10/4/2023,472,9,22.7 °C,73.93%,Wednesday,0,19.7 kg,Expert,Grains,40.69
755,10/3/2023,243,10,10.9 °C,79.76%,Tuesday,0,17.8 kg,Expert,Grains,20.84
851,10/2/2023,466,10,12.6 °C,30.85%,Monday,0,37.3 kg,Expert,Dairy,46.15
643,10/1/2023,438,12,30.1 °C,30.78%,Sunday,0,46.2 kg,Intermediate,Dairy,50.02
796,9/30/2023,151,19,26.5 °C,42.84%,Saturday,0,43.0 kg,Unknown,Vegetables,51.29
70,9/29/2023,483,11,28.7 °C,40.57%,Friday,0,35.3 kg,Expert,Dairy,56.61
324,9/27/2023,305,10,11.2 °C,57.54%,Wednesday,0,49.7 kg,Intermediate,Meat,49.18
361,9/26/2023,383,7,21.1 °C,43.15%,Tuesday,0,36.9 kg,Unknown,Meat,53.72
841,9/25/2023,364,12,34.7 °C,61.35%,Monday,0,20.3 kg,Intermediate,Meat,48.05
272,9/24/2023,175,11,12.6 °C,87.18%,Sunday,0,42.8 kg,Intermediate,Dairy,41.76
250,9/23/2023,332,15,32.1 °C,54.40%,Saturday,0,29.2 kg,Unknown,Meat,34.68
180,9/22/2023,495,5,21.3 °C,59.89%,Friday,0,38.2 kg,Unknown,Dairy,50.39
840,9/20/2023,276,15,15.7 °C,36.53%,Wednesday,0,49.0 kg,Beginner,Grains,51.83
214,9/19/2023,118,12,21.3 °C,69.55%,Tuesday,0,24.7 kg,Unknown,Dairy,22.85
645,9/18/2023,286,15,21.8 °C,53.51%,Monday,0,21.4 kg,Expert,Dairy,34.98
808,9/17/2023,496,9,22.4 °C,61.63%,Sunday,0,15.1 kg,Unknown,Meat,41.85
746,9/16/2023,441,17,30.6 °C,89.70%,Saturday,0,7.8 kg,Intermediate,Dairy,41.61
208,9/15/2023,316,14,29.5 °C,38.22%,Friday,1,24.3 kg,Intermediate,Meat,238.89
216,9/14/2023,467,7,16.3 °C,70.46%,Thursday,0,13.3 kg,Beginner,Grains,41.05
294,9/13/2023,183,8,33.3 °C,83.86%,Wednesday,0,29.2 kg,Intermediate,Grains,36.35
856,9/12/2023,161,9,17.0 °C,58.88%,Tuesday,0,11.2 kg,Expert,Grains,19.03
516,9/11/2023,468,7,11.9 °C,81.84%,Monday,0,47.8 kg,Beginner,Meat,66.99
16,9/10/2023,372,5,30.2 °C,63.65%,Sunday,0,49.6 kg,Intermediate,Grains,60.8
55,9/9/2023,385,15,33.6 °C,57.52%,Saturday,0,8.1 kg,Unknown,Meat,31.26
134,9/8/2023,460,10,26.5 °C,40.82%,Friday,0,45.7 kg,Intermediate,Dairy,52.14
122,9/7/2023,454,16,12.6 °C,62.81%,Thursday,0,5.8 kg,Beginner,Meat,28.61
502,9/6/2023,316,6,13.3 °C,75.65%,Wednesday,0,10.5 kg,Unknown,Meat,21.44
903,9/5/2023,378,18,33.9 °C,85.72%,Tuesday,0,47.9 kg,Beginner,Meat,64.83
364,9/4/2023,112,14,19.8 °C,67.25%,Monday,0,19.7 kg,Intermediate,Meat,17.81
774,9/1/2023,367,9,30.3 °C,51.26%,Friday,0,17.0 kg,Expert,Dairy,34.41
658,8/30/2023,323,5,16.1 °C,48.12%,Wednesday,0,22.9 kg,Intermediate,Vegetables,42.12
269,8/29/2023,289,17,31.6 °C,54.94%,Tuesday,1,44.9 kg,Intermediate,Dairy,51.96
529,8/28/2023,250,14,13.2 °C,32.67%,Monday,0,40.2 kg,Beginner,Dairy,51.61
63,8/27/2023,251,11,13.7 °C,43.82%,Sunday,0,17.6 kg,Beginner,Dairy,29.2
572,8/26/2023,195,9,16.7 °C,59.84%,Saturday,0,30.3 kg,Intermediate,Grains,38.31
181,8/25/2023,135,13,22.5 °C,85.84%,Friday,0,19.4 kg,Unknown,Meat,25.41
1007,8/24/2023,198,17,26.2 °C,71.41%,Thursday,0,41.4 kg,Expert,Dairy,37.58
260,8/23/2023,276,16,16.7 °C,71.40%,Wednesday,0,6.7 kg,Expert,Meat,25.76
58,8/22/2023,326,6,19.3 °C,33.64%,Tuesday,0,29.1 kg,Intermediate,Grains,40.21
411,8/20/2023,456,15,11.6 °C,73.50%,Sunday,0,35.2 kg,Unknown,Grains,49.08
567,8/19/2023,493,10,15.0 °C,50.24%,Saturday,0,39.8 kg,Intermediate,Vegetables,58.63
390,8/18/2023,263,19,25.7 °C,86.84%,Friday,0,44.5 kg,Beginner,Meat,56.43
174,8/17/2023,348,13,30.9 °C,78.59%,Thursday,0,41.7 kg,Unknown,Meat,50.08
931,8/16/2023,376,15,18.1 °C,68.57%,Wednesday,0,35.9 kg,Beginner,Meat,47.73
503,8/14/2023,475,10,14.7 °C,84.39%,Monday,0,25.4 kg,Beginner,Grains,48.81
517,8/13/2023,174,14,27.0 °C,61.64%,Sunday,0,8.7 kg,Intermediate,Dairy,21.43
282,8/12/2023,213,9,24.6 °C,88.90%,Saturday,0,33.1 kg,Intermediate,Vegetables,45.5
725,8/10/2023,295,16,20.5 °C,48.91%,Thursday,0,38.8 kg,Expert,Meat,48.28
161,8/9/2023,490,14,13.4 °C,80.83%,Wednesday,0,15.5 kg,Intermediate,Meat,40.94
358,8/8/2023,204,10,16.2 °C,83.76%,Tuesday,0,9.9 kg,Intermediate,Grains,25.79
173,8/7/2023,214,13,34.1 °C,67.18%,Monday,1,46.3 kg,Beginner,Vegetables,60.76
74,8/6/2023,189,9,19.7 °C,73.54%,Sunday,0,38.7 kg,Intermediate,Meat,41.62
261,8/5/2023,192,5,14.4 °C,42.30%,Saturday,0,15.6 kg,Expert,Meat,26.55
581,8/4/2023,363,6,22.0 °C,76.62%,Friday,0,37.0 kg,Intermediate,Dairy,44.15
708,8/3/2023,189,10,23.1 °C,63.68%,Thursday,0,38.5 kg,Intermediate,Meat,39.59
285,8/2/2023,436,13,18.9 °C,68.68%,Wednesday,0,8.3 kg,Unknown,Meat,44.12
150,7/31/2023,134,14,20.1 °C,61.84%,Monday,0,18.9 kg,Unknown,Meat,33.68
539,7/30/2023,341,9,24.1 °C,44.35%,Sunday,0,36.8 kg,Expert,Meat,47.53
885,7/29/2023,352,6,28.1 °C,89.41%,Saturday,0,15.4 kg,Unknown,Meat,33.07
912,7/28/2023,485,10,31.2 °C,64.93%,Friday,1,37.5 kg,Intermediate,Meat,66.11
370,7/27/2023,401,15,26.4 °C,70.30%,Thursday,0,44.4 kg,Beginner,Meat,54.43
745,7/26/2023,194,9,14.3 °C,33.58%,Wednesday,0,38.0 kg,Intermediate,Vegetables,42.91
24,7/25/2023,111,11,15.5 °C,58.40%,Tuesday,0,38.9 kg,Beginner,Vegetables,201.33
647,7/24/2023,496,6,15.8 °C,66.20%,Monday,0,42.0 kg,Expert,Grains,62.71
97,7/23/2023,384,17,15.7 °C,86.24%,Sunday,0,17.7 kg,Expert,Dairy,42.93
302,7/22/2023,143,17,25.8 °C,72.61%,Saturday,0,28.1 kg,Intermediate,Meat,32.83
1020,7/21/2023,142,14,25.5 °C,83.97%,Friday,0,29.9 kg,Intermediate,Meat,35.22
981,7/20/2023,429,14,27.3 °C,39.14%,Thursday,0,9.7 kg,Intermediate,Grains,36.81
881,7/18/2023,164,18,16.6 °C,47.47%,Tuesday,1,26.5 kg,Expert,Meat,38.15
1022,7/17/2023,422,15,29.6 °C,66.37%,Monday,0,30.7 kg,Intermediate,Vegetables,45.66
986,7/16/2023,367,10,11.9 °C,79.79%,Sunday,1,21.9 kg,Intermediate,Grains,46.74
303,7/15/2023,200,10,14.3 °C,62.82%,Saturday,0,5.1 kg,Beginner,Dairy,17.93
587,7/14/2023,278,13,20.8 °C,70.53%,Friday,0,16.7 kg,Intermediate,Vegetables,32.15
497,7/13/2023,132,11,17.4 °C,82.76%,Thursday,0,43.1 kg,Unknown,Vegetables,43.5
69,7/12/2023,479,13,25.5 °C,62.90%,Wednesday,0,19.0 kg,Intermediate,Grains,47.85
861,7/11/2023,262,17,28.9 °C,69.78%,Tuesday,0,38.6 kg,Expert,Dairy,48.86
973,7/10/2023,277,6,22.1 °C,64.09%,Monday,0,34.7 kg,Intermediate,Meat,44.34
210,7/9/2023,495,12,15.3 °C,64.24%,Sunday,0,46.9 kg,Unknown,Meat,60.22
888,7/8/2023,251,13,14.8 °C,68.51%,Saturday,0,7.1 kg,Intermediate,Vegetables,22.82
10,7/7/2023,439,18,24.1 °C,43.40%,Friday,0,17.5 kg,Expert,Dairy,44.28
36,7/6/2023,259,5,19.7 °C,74.34%,Thursday,0,11.2 kg,Intermediate,Grains,35.73
757,7/5/2023,483,7,19.1 °C,50.51%,Wednesday,0,35.3 kg,Unknown,Meat,52.26
385,7/3/2023,346,5,10.4 °C,56.13%,Monday,1,45.3 kg,Unknown,Vegetables,49.26
168,7/2/2023,435,11,10.0 °C,40.90%,Sunday,0,41.8 kg,Intermediate,Meat,49.07
905,7/1/2023,379,18,31.3 °C,52.06%,Saturday,0,23.5 kg,Intermediate,Meat,37.3
341,6/30/2023,115,15,16.9 °C,52.95%,Friday,0,26.1 kg,Expert,Meat,29.99
545,6/29/2023,103,12,31.9 °C,34.58%,Thursday,0,28.9 kg,Unknown,Dairy,29.57
304,6/27/2023,356,14,24.9 °C,81.43%,Tuesday,0,25.3 kg,Expert,Meat,42.55
872,6/25/2023,246,12,29.4 °C,43.19%,Sunday,0,22.9 kg,Expert,Meat,37.14
206,6/24/2023,349,16,12.0 °C,46.04%,Saturday,0,7.8 kg,Expert,Grains,35.79
501,6/23/2023,493,10,15.8 °C,57.30%,Friday,0,23.7 kg,Beginner,Vegetables,55.16
156,6/21/2023,279,8,22.0 °C,53.86%,Wednesday,0,6.5 kg,Expert,Meat,17.85
447,6/20/2023,389,7,13.0 °C,32.50%,Tuesday,0,25.8 kg,Intermediate,Meat,48.93
317,6/19/2023,199,16,26.7 °C,82.66%,Monday,0,12.5 kg,Unknown,Dairy,22.03
335,6/18/2023,424,9,30.6 °C,73.49%,Sunday,0,12.7 kg,Intermediate,Dairy,36.68
351,6/17/2023,345,6,33.8 °C,46.00%,Saturday,0,28.7 kg,Intermediate,Dairy,52.12
146,6/16/2023,109,13,17.9 °C,84.36%,Friday,0,16.5 kg,Intermediate,Vegetables,29.95
237,6/15/2023,349,18,30.7 °C,49.81%,Thursday,0,7.5 kg,Expert,Meat,34.6
170,6/14/2023,122,10,32.5 °C,74.17%,Wednesday,0,15.0 kg,Unknown,Vegetables,23.33
159,6/13/2023,456,9,13.5 °C,31.89%,Tuesday,0,46.0 kg,Unknown,Vegetables,58.5
452,6/12/2023,321,9,25.2 °C,86.93%,Monday,1,49.8 kg,Intermediate,Meat,60.55
270,6/11/2023,353,8,17.8 °C,72.56%,Sunday,0,31.2 kg,Expert,Vegetables,39.05
300,6/10/2023,388,16,22.0 °C,80.30%,Saturday,0,49.0 kg,Intermediate,Meat,55.6
870,6/9/2023,199,11,24.4 °C,84.66%,Friday,0,11.0 kg,Intermediate,Meat,29.08
376,6/8/2023,138,11,33.3 °C,44.51%,Thursday,0,43.9 kg,Intermediate,Meat,51.64
94,6/7/2023,440,7,24.3 °C,71.28%,Wednesday,0,33.3 kg,Intermediate,Dairy,50.21
559,6/6/2023,317,6,33.9 °C,35.99%,Tuesday,0,36.3 kg,Intermediate,Grains,46.14
939,6/5/2023,499,19,15.6 °C,62.63%,Monday,0,15.5 kg,Intermediate,Meat,47.99
342,6/4/2023,303,14,13.8 °C,76.92%,Sunday,0,43.8 kg,Beginner,Meat,50.96
666,6/2/2023,193,8,18.1 °C,70.01%,Friday,0,8.2 kg,Unknown,Dairy,31.06
394,6/1/2023,146,9,30.5 °C,32.58%,Thursday,1,19.7 kg,Expert,Vegetables,35.64
678,5/31/2023,168,19,15.3 °C,35.12%,Wednesday,0,18.8 kg,Unknown,Vegetables,35.33
590,5/28/2023,284,6,23.3 °C,70.93%,Sunday,0,18.7 kg,Beginner,Vegetables,35.65
674,5/27/2023,185,16,26.9 °C,33.13%,Saturday,0,11.4 kg,Intermediate,Vegetables,23.26
1029,5/26/2023,243,17,25.7 °C,88.48%,Friday,0,46.5 kg,Expert,Meat,54.54
814,5/25/2023,253,8,23.5 °C,74.23%,Thursday,0,36.8 kg,Intermediate,Meat,51.02
993,5/24/2023,175,7,19.9 °C,37.54%,Wednesday,0,26.1 kg,Expert,Meat,33.93
392,5/23/2023,346,17,22.5 °C,85.85%,Tuesday,1,23.1 kg,Intermediate,Meat,56.66
109,5/22/2023,448,7,19.8 °C,53.68%,Monday,1,47.0 kg,Beginner,Dairy,61.5
850,5/21/2023,377,9,24.2 °C,32.16%,Sunday,0,47.0 kg,Intermediate,Grains,49.48
1017,5/20/2023,168,11,24.4 °C,75.24%,Saturday,0,49.2 kg,Intermediate,Meat,46.99
705,5/19/2023,291,5,29.7 °C,77.77%,Friday,0,40.7 kg,Expert,Meat,48.43
914,5/18/2023,288,11,14.0 °C,68.86%,Thursday,0,26.5 kg,Expert,Grains,48.45
384,5/17/2023,371,14,31.8 °C,73.83%,Wednesday,0,18.9 kg,Intermediate,Meat,39.74
528,5/16/2023,484,11,33.6 °C,82.19%,Tuesday,0,31.0 kg,Unknown,Vegetables,53.38
410,5/15/2023,472,6,17.0 °C,52.27%,Monday,0,23.1 kg,Expert,Meat,47.26
932,5/14/2023,336,11,30.6 °C,73.18%,Sunday,0,33.6 kg,Intermediate,Meat,45.42
62,5/13/2023,188,19,22.7 °C,54.95%,Saturday,0,35.5 kg,Unknown,Vegetables,42.65
818,5/12/2023,147,18,16.0 °C,63.12%,Friday,0,41.9 kg,Intermediate,Meat,34.49
165,5/11/2023,217,9,18.7 °C,41.16%,Thursday,0,13.8 kg,Beginner,Vegetables,19.26
369,5/10/2023,225,10,19.5 °C,81.54%,Wednesday,0,9.0 kg,Unknown,Grains,14.93
388,5/9/2023,195,9,18.5 °C,30.17%,Tuesday,0,14.8 kg,Intermediate,Meat,18.28
947,5/8/2023,389,8,15.7 °C,76.25%,Monday,0,48.2 kg,Expert,Dairy,43.53
32,5/7/2023,338,8,12.9 °C,68.07%,Sunday,0,43.7 kg,Intermediate,Grains,52.32
320,5/6/2023,100,15,11.6 °C,36.66%,Saturday,1,18.8 kg,Intermediate,Meat,43.28
924,5/5/2023,221,18,14.0 °C,58.56%,Friday,0,33.7 kg,Unknown,Meat,39.88
759,5/4/2023,157,12,22.7 °C,81.95%,Thursday,0,33.1 kg,Intermediate,Meat,43.1
586,5/3/2023,228,18,25.2 °C,53.11%,Wednesday,0,34.1 kg,Beginner,Vegetables,34.71
121,5/2/2023,495,12,31.6 °C,59.91%,Tuesday,0,8.7 kg,Intermediate,Grains,39.03
1015,4/30/2023,226,6,16.4 °C,89.97%,Sunday,0,49.4 kg,Expert,Meat,46.88
17,4/29/2023,378,12,12.3 °C,68.06%,Saturday,0,41.2 kg,Unknown,Meat,51.06
471,4/28/2023,417,19,26.8 °C,58.52%,Friday,0,40.2 kg,Unknown,Meat,61.54
212,4/27/2023,216,16,16.1 °C,46.14%,Thursday,0,18.0 kg,Unknown,Grains,38.76
681,4/26/2023,328,5,29.2 °C,86.64%,Wednesday,1,44.2 kg,Unknown,Grains,57.07
353,4/24/2023,157,7,10.5 °C,37.78%,Monday,1,15.6 kg,Beginner,Grains,29.63
223,4/23/2023,191,9,34.4 °C,46.71%,Sunday,1,35.7 kg,Expert,Grains,55.45
977,4/22/2023,374,19,13.0 °C,40.97%,Saturday,0,8.8 kg,Expert,Meat,31.41
13,4/21/2023,418,13,19.6 °C,82.53%,Friday,0,25.0 kg,Intermediate,Vegetables,44.94
1030,4/20/2023,219,10,21.9 °C,45.25%,Thursday,0,5.2 kg,Intermediate,Meat,28.3
595,4/19/2023,244,12,34.5 °C,38.35%,Wednesday,0,13.0 kg,Intermediate,Grains,28.01
848,4/18/2023,246,17,17.5 °C,70.55%,Tuesday,0,7.9 kg,Intermediate,Meat,22.11
935,4/17/2023,257,19,10.0 °C,80.65%,Monday,0,18.8 kg,Expert,Grains,28.12
624,4/16/2023,205,15,30.6 °C,85.81%,Sunday,0,16.0 kg,Unknown,Dairy,27.96
696,4/15/2023,223,11,20.6 °C,63.88%,Saturday,0,15.4 kg,Unknown,Vegetables,24.95
474,4/14/2023,469,12,17.4 °C,32.54%,Friday,0,35.1 kg,Unknown,Meat,67.15
99,4/13/2023,368,7,14.3 °C,36.96%,Thursday,0,7.4 kg,Intermediate,Meat,11.18
1046,4/12/2023,243,11,28.9 °C,70.51%,Wednesday,0,19.8 kg,Intermediate,Meat,29.63
227,4/10/2023,410,5,34.0 °C,52.64%,Monday,0,9.4 kg,Intermediate,Dairy,27.07
769,4/9/2023,454,12,12.2 °C,55.34%,Sunday,0,46.0 kg,Beginner,Dairy,58.63
220,4/8/2023,146,17,24.5 °C,86.58%,Saturday,0,17.3 kg,Beginner,Vegetables,30.28
964,4/7/2023,449,11,18.3 °C,84.43%,Friday,0,40.3 kg,Expert,Vegetables,55.04
887,4/6/2023,471,6,26.6 °C,64.31%,Thursday,1,44.2 kg,Expert,Grains,64.04
1035,4/5/2023,464,16,34.9 °C,81.99%,Wednesday,0,46.7 kg,Intermediate,Dairy,58.58
47,4/4/2023,361,11,19.1 °C,63.90%,Tuesday,0,29.6 kg,Intermediate,Meat,38.67
79,4/3/2023,295,11,19.5 °C,37.80%,Monday,0,26.9 kg,Expert,Meat,38.94
520,4/2/2023,202,5,11.3 °C,79.60%,Sunday,0,32.0 kg,Intermediate,Dairy,33.61
965,4/1/2023,104,16,14.8 °C,85.85%,Saturday,0,8.7 kg,Intermediate,Vegetables,23.12
995,3/31/2023,207,6,21.4 °C,34.96%,Friday,1,41.6 kg,Intermediate,Vegetables,56.54
318,3/30/2023,159,18,15.8 °C,86.43%,Thursday,0,17.0 kg,Intermediate,Dairy,24.16
740,3/29/2023,152,7,27.0 °C,50.42%,Wednesday,0,45.7 kg,Intermediate,Vegetables,42.12
103,3/28/2023,363,14,24.8 °C,58.02%,Tuesday,0,40.5 kg,Intermediate,Vegetables,47.26
253,3/27/2023,200,14,16.8 °C,65.00%,Monday,0,6.2 kg,Expert,Meat,22.09
383,3/25/2023,370,11,11.8 °C,65.61%,Saturday,0,34.6 kg,Unknown,Meat,40.17
334,3/24/2023,425,11,26.7 °C,72.90%,Friday,1,11.4 kg,Expert,Vegetables,46.67
582,3/23/2023,269,17,30.8 °C,76.98%,Thursday,0,39.4 kg,Unknown,Meat,50.15
163,3/22/2023,279,12,21.1 °C,41.34%,Wednesday,0,19.6 kg,Expert,Grains,40.35
610,3/20/2023,441,8,18.6 °C,54.15%,Monday,0,42.1 kg,Beginner,Grains,58.34
5,3/19/2023,157,19,19.2 °C,46.29%,Sunday,0,41.5 kg,Beginner,Meat,48.62
817,3/18/2023,413,7,20.0 °C,73.30%,Saturday,0,46.5 kg,Beginner,Meat,59.76
281,3/17/2023,249,10,24.9 °C,79.43%,Friday,0,28.6 kg,Beginner,Meat,32.19
301,3/16/2023,224,18,26.1 °C,82.92%,Thursday,0,5.3 kg,Beginner,Grains,18.67
787,3/15/2023,289,6,16.6 °C,39.52%,Wednesday,1,22.9 kg,Unknown,Meat,55.4
688,3/14/2023,162,5,29.3 °C,54.09%,Tuesday,1,33.6 kg,Intermediate,Meat,52.62
244,3/13/2023,285,16,32.6 °C,73.24%,Monday,0,19.1 kg,Beginner,Meat,42.92
476,3/12/2023,252,10,18.4 °C,85.01%,Sunday,0,14.3 kg,Expert,Meat,20.06
577,3/11/2023,150,6,25.1 °C,37.20%,Saturday,0,11.6 kg,Expert,Meat,23.31
439,3/10/2023,441,6,30.5 °C,63.80%,Friday,0,21.5 kg,Intermediate,Dairy,35.61
213,3/9/2023,314,19,18.5 °C,47.40%,Thursday,0,37.7 kg,Expert,Dairy,47.78
566,3/8/2023,387,7,10.4 °C,48.19%,Wednesday,0,33.4 kg,Unknown,Vegetables,43.39
350,3/7/2023,421,18,0.2 °C,44.08%,Tuesday,0,24.3 kg,Intermediate,Meat,33.14
279,3/6/2023,453,5,43.5 °C,57.79%,Monday,1,48.4 kg,Intermediate,Vegetables,71.75
994,3/4/2023,242,7,26.9 °C,68.23%,Saturday,0,7.5 kg,Unknown,Grains,20.19
544,3/3/2023,470,12,24.9 °C,63.28%,Friday,0,19.8 kg,Beginner,Grains,39.26
7,3/2/2023,241,18,16.9 °C,79.29%,Thursday,0,11.8 kg,Intermediate,Dairy,27.39
313,3/1/2023,499,17,13.5 °C,57.24%,Wednesday,0,11.8 kg,Intermediate,Meat,33.49
464,2/27/2023,420,5,14.3 °C,73.19%,Monday,0,21.8 kg,Beginner,Meat,40.89
723,2/24/2023,135,18,15.2 °C,54.97%,Friday,0,41.2 kg,Expert,Dairy,40.4
531,2/22/2023,490,12,17.8 °C,32.02%,Wednesday,0,46.9 kg,Intermediate,Dairy,66.91
542,2/21/2023,415,15,14.5 °C,43.16%,Tuesday,0,35.6 kg,Intermediate,Meat,47.94
752,2/19/2023,405,11,21.8 °C,80.53%,Sunday,0,6.8 kg,Intermediate,Meat,40.36
84,2/18/2023,454,18,31.7 °C,65.00%,Saturday,0,46.0 kg,Unknown,Meat,64.69
525,2/17/2023,125,17,15.9 °C,31.32%,Friday,0,21.1 kg,Expert,Grains,19.29
338,2/16/2023,346,5,13.8 °C,45.97%,Thursday,0,23.7 kg,Beginner,Grains,38.68
286,2/14/2023,138,5,13.7 °C,47.55%,Tuesday,0,6.1 kg,Intermediate,Grains,69.86
632,2/12/2023,345,17,30.2 °C,81.80%,Sunday,0,5.0 kg,Intermediate,Dairy,33.83
913,2/11/2023,398,19,26.8 °C,42.67%,Saturday,0,11.2 kg,Intermediate,Vegetables,39.33
345,2/9/2023,203,10,28.3 °C,72.61%,Thursday,0,19.4 kg,Unknown,Grains,33.74
731,2/8/2023,372,10,17.6 °C,38.71%,Wednesday,0,33.7 kg,Beginner,Grains,54.65
797,2/7/2023,485,8,16.4 °C,58.70%,Tuesday,0,11.0 kg,Beginner,Grains,35.69
975,2/6/2023,254,5,23.9 °C,44.53%,Monday,0,14.4 kg,Intermediate,Dairy,22.75
783,2/5/2023,226,13,29.3 °C,80.52%,Sunday,1,38.1 kg,Intermediate,Meat,56.37
625,2/4/2023,250,8,32.7 °C,36.78%,Saturday,0,5.9 kg,Intermediate,Dairy,24.92
54,2/3/2023,441,5,19.0 °C,70.90%,Friday,0,41.7 kg,Intermediate,Meat,62.71
895,2/2/2023,387,11,14.4 °C,82.14%,Thursday,0,44.9 kg,Beginner,Vegetables,52.41
538,2/1/2023,213,5,26.2 °C,36.06%,Wednesday,0,41.4 kg,Beginner,Vegetables,36.06
496,1/31/2023,379,9,29.8 °C,30.37%,Tuesday,0,34.8 kg,Intermediate,Meat,47.23
120,1/30/2023,273,6,24.8 °C,71.87%,Monday,0,36.8 kg,Intermediate,Vegetables,37.97
521,1/29/2023,459,16,25.4 °C,64.62%,Sunday,0,30.1 kg,Beginner,Meat,60.69
892,1/28/2023,422,14,26.0 °C,67.93%,Saturday,0,20.0 kg,Intermediate,Meat,41.67
930,1/27/2023,157,10,10.1 °C,62.95%,Friday,0,17.0 kg,Intermediate,Dairy,24.28
31,1/26/2023,153,15,12.8 °C,48.37%,Thursday,0,18.2 kg,Expert,Meat,27.05
982,1/25/2023,322,19,23.2 °C,31.47%,Wednesday,0,18.9 kg,Unknown,Vegetables,32.7
1008,1/23/2023,117,5,30.4 °C,46.82%,Monday,0,22.4 kg,Expert,Meat,37.55
811,1/22/2023,227,5,12.2 °C,73.39%,Sunday,0,32.2 kg,Intermediate,Dairy,34.23
844,1/20/2023,355,9,32.9 °C,36.26%,Friday,0,5.7 kg,Intermediate,Meat,30.09
399,1/18/2023,352,8,29.8 °C,83.07%,Wednesday,0,37.2 kg,Unknown,Meat,51.9
204,1/17/2023,290,11,17.4 °C,78.55%,Tuesday,0,39.8 kg,Unknown,Meat,42.27
233,1/16/2023,215,13,14.6 °C,79.32%,Monday,1,37.5 kg,Expert,Dairy,49.33
948,1/15/2023,287,12,30.0 °C,86.23%,Sunday,0,13.0 kg,Unknown,Vegetables,34.46
926,1/14/2023,198,10,31.5 °C,30.34%,Saturday,0,42.4 kg,Intermediate,Meat,43.36
238,1/13/2023,194,7,13.1 °C,34.14%,Friday,0,8.0 kg,Unknown,Dairy,10.82
843,1/12/2023,280,15,23.1 °C,67.97%,Thursday,0,31.5 kg,Intermediate,Vegetables,43.3
524,1/11/2023,401,16,30.6 °C,50.51%,Wednesday,0,31.7 kg,Expert,Meat,256.33
695,1/10/2023,448,15,34.4 °C,32.65%,Tuesday,0,24.6 kg,Expert,Grains,40.02
825,1/9/2023,379,15,31.2 °C,30.14%,Monday,0,22.3 kg,Beginner,Dairy,45.18
667,1/8/2023,136,5,27.9 °C,35.39%,Sunday,0,40.6 kg,Unknown,Meat,31.93
190,1/6/2023,479,6,24.5 °C,42.04%,Friday,0,12.4 kg,Unknown,Dairy,38.44
600,1/5/2023,198,15,23.3 °C,89.43%,Thursday,0,19.7 kg,Unknown,Grains,36.07
514,1/4/2023,105,6,33.2 °C,77.60%,Wednesday,0,16.5 kg,Intermediate,Dairy,31.4
504,1/3/2023,472,11,26.8 °C,61.71%,Tuesday,1,18.3 kg,Expert,Meat,53.28
997,1/2/2023,145,6,23.1 °C,73.98%,Monday,0,32.5 kg,Unknown,Meat,36.97
295,1/1/2023,257,10,25.4 °C,50.00%,Sunday,0,41.4 kg,Expert,Meat,35.53
690,12/31/2022,319,15,14.2 °C,79.19%,Saturday,0,33.2 kg,Intermediate,Vegetables,53.13
416,12/30/2022,271,14,14.9 °C,68.67%,Friday,1,19.2 kg,Expert,Meat,42.47
229,12/29/2022,116,13,22.0 °C,67.95%,Thursday,0,31.5 kg,Expert,Grains,34.64
200,12/28/2022,148,8,14.9 °C,61.63%,Wednesday,0,10.5 kg,Intermediate,Meat,33.34
510,12/27/2022,291,19,19.5 °C,82.32%,Tuesday,0,27.3 kg,Beginner,Meat,41.36
319,12/26/2022,134,7,26.4 °C,31.83%,Monday,0,17.4 kg,Beginner,Grains,28.52
837,12/25/2022,103,13,33.9 °C,85.76%,Sunday,0,33.9 kg,Beginner,Dairy,40.97
357,12/24/2022,246,14,11.8 °C,75.76%,Saturday,0,16.4 kg,Unknown,Vegetables,30.55
228,12/22/2022,416,13,20.8 °C,43.24%,Thursday,0,21.3 kg,Beginner,Grains,40.85
511,12/21/2022,466,8,30.6 °C,88.29%,Wednesday,0,37.2 kg,Beginner,Vegetables,57.51
621,12/20/2022,383,14,29.2 °C,31.85%,Tuesday,0,6.4 kg,Expert,Dairy,35.35
0,12/19/2022,196,13,27.9 °C,45.36%,Monday,0,7.7 kg,Intermediate,Dairy,28.95
82,12/17/2022,376,13,23.7 °C,44.42%,Saturday,0,10.8 kg,Unknown,Grains,25.89
603,12/16/2022,325,19,19.9 °C,47.91%,Friday,0,9.7 kg,Unknown,Grains,28.31
171,12/13/2022,363,12,23.2 °C,33.57%,Tuesday,0,15.9 kg,Unknown,Dairy,35.18
1002,12/12/2022,150,7,13.7 °C,89.77%,Monday,0,45.9 kg,Beginner,Dairy,39.13
28,12/11/2022,464,11,12.7 °C,58.59%,Sunday,0,23.7 kg,Intermediate,Vegetables,45.69
1040,12/10/2022,329,10,30.3 °C,78.40%,Saturday,0,19.4 kg,Intermediate,Dairy,43.91
268,12/9/2022,137,19,32.9 °C,65.48%,Friday,0,13.2 kg,Intermediate,Meat,21.12
613,12/8/2022,257,5,31.2 °C,66.13%,Thursday,0,36.2 kg,Expert,Dairy,34.94
999,12/6/2022,121,11,23.6 °C,57.36%,Tuesday,0,46.0 kg,Unknown,Meat,44.78
484,12/5/2022,474,10,22.5 °C,83.67%,Monday,0,19.3 kg,Beginner,Meat,45.32
956,12/4/2022,470,8,29.0 °C,73.54%,Sunday,1,24.8 kg,Expert,Dairy,66.95
198,12/3/2022,275,18,26.1 °C,51.74%,Saturday,0,10.9 kg,Beginner,Meat,27.32
551,12/2/2022,132,14,14.2 °C,85.12%,Friday,0,28.1 kg,Expert,Meat,28.31
75,11/30/2022,294,9,10.4 °C,56.47%,Wednesday,0,23.6 kg,Beginner,Meat,28.11
224,11/29/2022,234,18,21.1 °C,63.76%,Tuesday,0,38.5 kg,Unknown,Grains,53.39
306,11/28/2022,491,5,23.6 °C,61.35%,Monday,1,19.9 kg,Unknown,Vegetables,50.23
1045,11/27/2022,483,11,24.9 °C,59.49%,Sunday,0,36.5 kg,Intermediate,Dairy,43.07
360,11/26/2022,403,15,23.7 °C,48.15%,Saturday,0,7.0 kg,Expert,Meat,35.98
196,11/25/2022,376,10,19.5 °C,59.52%,Friday,0,26.3 kg,Unknown,Meat,45.77
425,11/23/2022,388,12,25.3 °C,35.62%,Wednesday,0,42.2 kg,Beginner,Meat,56.56
770,11/22/2022,167,18,25.8 °C,60.77%,Tuesday,0,8.1 kg,Intermediate,Meat,19.7
554,11/21/2022,260,17,18.2 °C,86.95%,Monday,0,15.1 kg,Expert,Vegetables,30.58
154,11/20/2022,268,7,26.2 °C,88.18%,Sunday,0,19.2 kg,Beginner,Meat,41.54
651,11/19/2022,307,10,17.4 °C,32.07%,Saturday,0,14.0 kg,Beginner,Dairy,33.21
39,11/18/2022,262,13,19.4 °C,58.01%,Friday,0,34.5 kg,Intermediate,Dairy,44.55
627,11/17/2022,409,14,31.7 °C,70.85%,Thursday,0,16.0 kg,Expert,Grains,43.59
147,11/16/2022,293,19,17.9 °C,33.46%,Wednesday,1,20.7 kg,Intermediate,Meat,246.36
231,11/15/2022,437,16,32.0 °C,62.96%,Tuesday,0,47.2 kg,Beginner,Meat,64.25
832,11/14/2022,465,5,32.5 °C,74.75%,Monday,1,31.5 kg,Intermediate,Meat,55.95
400,11/13/2022,483,14,21.0 °C,32.28%,Sunday,0,36.5 kg,Beginner,Vegetables,59.75
1006,11/12/2022,448,19,33.1 °C,57.51%,Saturday,0,37.9 kg,Intermediate,Meat,63.98
185,11/11/2022,252,12,29.1 °C,51.21%,Friday,0,18.6 kg,Beginner,Grains,31.51
230,11/9/2022,211,12,12.7 °C,65.58%,Wednesday,0,23.4 kg,Intermediate,Dairy,21.99
265,11/7/2022,353,8,12.3 °C,84.42%,Monday,0,24.5 kg,Intermediate,Meat,43.94
51,11/6/2022,439,8,28.8 °C,72.65%,Sunday,1,30.7 kg,Expert,Meat,63.61
176,11/5/2022,203,16,34.8 °C,81.15%,Saturday,0,37.9 kg,Unknown,Vegetables,44.9
246,11/4/2022,212,16,31.7 °C,38.88%,Friday,0,5.5 kg,Intermediate,Meat,22.75
37,11/3/2022,174,15,18.0 °C,73.85%,Thursday,0,49.7 kg,Intermediate,Vegetables,43.2
257,11/2/2022,215,16,25.1 °C,57.69%,Wednesday,0,39.6 kg,Expert,Vegetables,47.74
612,11/1/2022,260,12,14.0 °C,77.55%,Tuesday,0,33.5 kg,Unknown,Meat,36.8
743,10/31/2022,219,19,18.7 °C,49.55%,Monday,0,7.7 kg,Beginner,Vegetables,31.96
382,10/30/2022,153,5,24.4 °C,48.03%,Sunday,0,30.6 kg,Expert,Meat,35
660,10/29/2022,251,13,26.7 °C,74.07%,Saturday,0,32.8 kg,Unknown,Meat,45.07
423,10/28/2022,230,6,30.7 °C,76.94%,Friday,0,35.4 kg,Expert,Meat,40.82
133,10/27/2022,307,18,33.5 °C,42.44%,Thursday,1,25.7 kg,Unknown,Meat,42.64
254,10/26/2022,403,12,25.0 °C,79.01%,Wednesday,0,34.4 kg,Beginner,Meat,54.05
195,10/24/2022,198,14,29.9 °C,89.98%,Monday,0,48.1 kg,Expert,Vegetables,55.7
960,10/23/2022,332,16,12.8 °C,64.98%,Sunday,1,13.2 kg,Intermediate,Dairy,48.77
781,10/21/2022,259,18,31.6 °C,62.69%,Friday,0,28.5 kg,Intermediate,Grains,45.02
243,10/20/2022,136,14,30.8 °C,79.84%,Thursday,0,21.8 kg,Intermediate,Meat,24.74
421,10/19/2022,239,19,16.1 °C,44.10%,Wednesday,0,37.9 kg,Beginner,Meat,42.2
26,10/18/2022,353,11,10.4 °C,70.64%,Tuesday,1,17.3 kg,Expert,Meat,45.98
247,10/17/2022,403,12,19.4 °C,60.45%,Monday,0,41.5 kg,Beginner,Vegetables,44.25
927,10/16/2022,484,10,34.5 °C,40.63%,Sunday,1,13.8 kg,Intermediate,Meat,53
644,10/15/2022,101,10,26.5 °C,72.54%,Saturday,0,5.8 kg,Beginner,Meat,16.57
152,10/14/2022,468,12,16.4 °C,79.61%,Friday,0,32.6 kg,Unknown,Grains,55.88
509,10/13/2022,159,14,34.1 °C,51.37%,Thursday,0,38.3 kg,Intermediate,Meat,40.62
575,10/12/2022,211,18,15.9 °C,80.31%,Wednesday,0,33.4 kg,Beginner,Meat,35.66
842,10/10/2022,243,8,28.3 °C,40.10%,Monday,0,37.9 kg,Intermediate,Meat,43.91
315,10/9/2022,351,9,14.7 °C,61.94%,Sunday,0,48.3 kg,Intermediate,Vegetables,53.66
251,10/8/2022,362,15,14.1 °C,58.67%,Saturday,0,35.9 kg,Expert,Dairy,48.04
513,10/6/2022,397,14,33.5 °C,76.41%,Thursday,0,43.0 kg,Expert,Dairy,62.68
85,10/5/2022,250,8,13.6 °C,88.24%,Wednesday,0,34.1 kg,Intermediate,Vegetables,43.95
1036,10/4/2022,366,8,13.3 °C,31.86%,Tuesday,0,33.3 kg,Intermediate,Vegetables,42.55
113,10/3/2022,228,7,13.1 °C,39.10%,Monday,0,24.7 kg,Beginner,Grains,27.86
1009,10/1/2022,437,19,18.6 °C,35.29%,Saturday,0,19.9 kg,Expert,Meat,50.82
508,9/30/2022,138,15,23.0 °C,62.72%,Friday,0,10.1 kg,Intermediate,Meat,20.16
584,9/29/2022,227,6,16.4 °C,89.69%,Thursday,0,31.5 kg,Beginner,Dairy,36.32
966,9/28/2022,407,17,24.5 °C,56.65%,Wednesday,0,14.4 kg,Intermediate,Dairy,41.7
969,9/27/2022,298,16,34.3 °C,58.44%,Tuesday,0,32.8 kg,Beginner,Meat,47.98
601,9/26/2022,451,8,18.1 °C,52.49%,Monday,0,7.3 kg,Beginner,Dairy,170.55
815,9/25/2022,247,19,22.6 °C,52.22%,Sunday,1,12.6 kg,Beginner,Dairy,42.58
316,9/24/2022,246,17,27.2 °C,80.13%,Saturday,0,27.1 kg,Beginner,Dairy,44.27
127,9/23/2022,445,9,22.0 °C,37.80%,Friday,0,10.2 kg,Beginner,Meat,32.13
491,9/22/2022,351,12,19.9 °C,59.27%,Thursday,0,48.3 kg,Intermediate,Dairy,51.95
749,9/20/2022,358,19,24.6 °C,48.79%,Tuesday,0,48.6 kg,Unknown,Grains,58.7
98,9/18/2022,425,8,12.2 °C,54.85%,Sunday,0,49.5 kg,Beginner,Vegetables,50.26
291,9/17/2022,286,12,14.5 °C,85.54%,Saturday,0,6.0 kg,Intermediate,Vegetables,22.56
838,9/16/2022,223,17,15.6 °C,42.53%,Friday,0,31.1 kg,Beginner,Meat,42.13
550,9/15/2022,300,8,26.0 °C,35.96%,Thursday,0,34.4 kg,Unknown,Grains,42.77
652,9/13/2022,243,19,15.8 °C,61.91%,Tuesday,0,39.5 kg,Expert,Dairy,47.65
742,9/11/2022,494,10,34.7 °C,43.71%,Sunday,0,7.5 kg,Unknown,Dairy,42.16
1033,9/10/2022,297,10,10.9 °C,88.32%,Saturday,1,12.6 kg,Expert,Meat,44.56
962,9/9/2022,197,5,23.5 °C,40.04%,Friday,0,35.3 kg,Intermediate,Grains,36.25
325,9/8/2022,471,14,24.0 °C,36.32%,Thursday,0,17.9 kg,Intermediate,Grains,29.24
284,9/7/2022,424,15,31.6 °C,63.58%,Wednesday,0,9.1 kg,Intermediate,Grains,33.8
197,9/5/2022,393,14,27.6 °C,80.50%,Monday,0,7.1 kg,Unknown,Meat,43.23
788,9/4/2022,354,6,29.5 °C,61.87%,Sunday,0,37.8 kg,Expert,Meat,51.36
637,9/3/2022,222,10,23.3 °C,80.83%,Saturday,0,36.1 kg,Unknown,Meat,45.33
20,9/2/2022,283,8,18.9 °C,36.08%,Friday,1,7.7 kg,Beginner,Dairy,31.32
1019,9/1/2022,302,18,25.1 °C,65.76%,Thursday,1,12.5 kg,Unknown,Meat,49.76
866,8/31/2022,423,5,19.5 °C,77.50%,Wednesday,0,35.6 kg,Intermediate,Grains,43
1004,8/30/2022,346,11,19.0 °C,53.15%,Tuesday,1,39.1 kg,Intermediate,Vegetables,62.05
882,8/29/2022,297,15,16.3 °C,30.40%,Monday,0,40.8 kg,Expert,Grains,56.62
337,8/28/2022,259,9,20.5 °C,52.73%,Sunday,0,49.3 kg,Beginner,Meat,44.96
453,8/27/2022,317,17,24.7 °C,61.03%,Saturday,0,47.2 kg,Intermediate,Vegetables,46.37
585,8/25/2022,152,13,13.6 °C,86.80%,Thursday,0,25.4 kg,Unknown,Grains,27.79
278,8/24/2022,229,10,26.7 °C,75.71%,Wednesday,0,31.5 kg,Intermediate,Dairy,45.31
456,8/23/2022,225,17,21.2 °C,32.69%,Tuesday,0,19.9 kg,Beginner,Meat,31.78
828,8/22/2022,484,8,18.3 °C,68.74%,Monday,0,25.3 kg,Unknown,Vegetables,48.05
821,8/21/2022,324,15,21.1 °C,39.94%,Sunday,0,28.6 kg,Unknown,Meat,50.54
179,8/20/2022,323,11,32.1 °C,60.70%,Saturday,0,45.6 kg,Expert,Dairy,56.33
923,8/19/2022,442,18,15.9 °C,61.55%,Friday,0,42.0 kg,Intermediate,Meat,62.61
691,8/18/2022,153,8,15.9 °C,53.58%,Thursday,0,40.0 kg,Unknown,Dairy,36.61
375,8/17/2022,319,5,19.9 °C,31.65%,Wednesday,0,46.3 kg,Expert,Meat,274.33
343,8/16/2022,229,17,25.0 °C,52.20%,Tuesday,0,10.1 kg,Intermediate,Meat,26.15
556,8/11/2022,212,12,17.8 °C,64.76%,Thursday,0,29.9 kg,Intermediate,Meat,40.8
277,8/10/2022,200,7,26.3 °C,57.01%,Wednesday,0,6.2 kg,Intermediate,Meat,15.03
83,8/7/2022,485,10,24.5 °C,65.42%,Sunday,0,13.7 kg,Expert,Meat,42.17
951,8/5/2022,367,7,20.1 °C,62.55%,Friday,0,44.8 kg,Beginner,Grains,52.07
249,8/4/2022,151,11,12.4 °C,34.66%,Thursday,0,47.9 kg,Intermediate,Grains,234.79
458,8/3/2022,417,7,20.9 °C,54.23%,Wednesday,0,43.5 kg,Beginner,Vegetables,60.42
88,8/2/2022,212,12,11.7 °C,81.11%,Tuesday,0,22.3 kg,Expert,Meat,32.89
378,8/1/2022,279,12,20.3 °C,53.24%,Monday,0,31.9 kg,Beginner,Meat,32.46
77,7/30/2022,195,18,19.3 °C,79.00%,Saturday,0,38.4 kg,Intermediate,Dairy,47.47
209,7/29/2022,259,6,25.8 °C,58.00%,Friday,0,11.4 kg,Intermediate,Grains,20.95
93,7/28/2022,473,11,25.1 °C,42.96%,Thursday,0,5.6 kg,Unknown,Meat,39.05
733,7/27/2022,414,19,20.1 °C,78.48%,Wednesday,0,33.1 kg,Expert,Dairy,52.44
891,7/26/2022,251,5,29.4 °C,84.61%,Tuesday,0,21.8 kg,Unknown,Vegetables,33.17
989,7/25/2022,271,5,15.9 °C,53.96%,Monday,0,29.4 kg,Beginner,Grains,32.7
292,7/24/2022,333,13,30.9 °C,35.06%,Sunday,0,42.7 kg,Intermediate,Dairy,45.64
569,7/23/2022,406,5,21.7 °C,56.93%,Saturday,0,17.8 kg,Expert,Meat,28.64
786,7/22/2022,324,19,19.6 °C,61.95%,Friday,0,40.5 kg,Intermediate,Meat,48.02
971,7/21/2022,264,19,19.0 °C,71.69%,Thursday,0,42.1 kg,Expert,Vegetables,52.02
919,7/20/2022,417,11,17.1 °C,79.20%,Wednesday,1,41.9 kg,Intermediate,Meat,64.78
57,7/19/2022,236,5,34.8 °C,89.48%,Tuesday,0,6.0 kg,Expert,Vegetables,21.23
6,7/18/2022,297,10,26.4 °C,79.74%,Monday,0,26.5 kg,Intermediate,Meat,44.16
778,7/17/2022,458,17,29.8 °C,61.80%,Sunday,0,5.6 kg,Intermediate,Dairy,35.47
331,7/16/2022,358,7,24.9 °C,74.46%,Saturday,0,23.7 kg,Beginner,Meat,181.14
604,7/15/2022,332,18,25.2 °C,68.27%,Friday,0,12.4 kg,Expert,Grains,34.86
436,7/13/2022,220,11,10.7 °C,39.26%,Wednesday,0,16.1 kg,Unknown,Dairy,27.47
45,7/12/2022,382,12,24.7 °C,36.94%,Tuesday,0,5.7 kg,Intermediate,Vegetables,27.95
676,7/11/2022,476,12,22.9 °C,38.33%,Monday,0,25.0 kg,Expert,Meat,45.92
655,7/10/2022,484,6,23.6 °C,60.13%,Sunday,0,26.0 kg,Unknown,Vegetables,47.39
1026,7/9/2022,324,13,22.6 °C,65.92%,Saturday,0,47.1 kg,Beginner,Meat,60.63
583,7/8/2022,289,14,29.2 °C,83.28%,Friday,0,14.8 kg,Intermediate,Meat,40.84
771,7/6/2022,447,13,25.7 °C,68.77%,Wednesday,0,27.7 kg,Beginner,Grains,48.45
465,7/5/2022,227,8,31.2 °C,54.76%,Tuesday,0,16.9 kg,Intermediate,Meat,27.46
29,7/4/2022,430,18,20.4 °C,74.99%,Monday,0,14.0 kg,Expert,Grains,40.63
785,7/3/2022,385,14,34.0 °C,49.26%,Sunday,0,24.9 kg,Intermediate,Meat,44.73
234,7/2/2022,439,18,14.4 °C,54.25%,Saturday,0,13.9 kg,Unknown,Grains,31.35
415,7/1/2022,143,15,31.0 °C,84.02%,Friday,0,42.6 kg,Intermediate,Grains,54.33
659,6/30/2022,207,7,15.1 °C,62.98%,Thursday,0,45.8 kg,Intermediate,Vegetables,46.37
557,6/29/2022,127,9,20.5 °C,65.78%,Wednesday,0,38.9 kg,Intermediate,Grains,34.75
135,6/28/2022,383,9,15.5 °C,35.54%,Tuesday,0,25.7 kg,Intermediate,Meat,36.53
347,6/27/2022,233,9,20.1 °C,69.76%,Monday,0,13.5 kg,Intermediate,Vegetables,27.48
498,6/26/2022,161,7,12.0 °C,78.02%,Sunday,0,10.7 kg,Unknown,Vegetables,28.27
636,6/25/2022,144,18,22.3 °C,69.92%,Saturday,0,10.2 kg,Expert,Meat,28.96
124,6/24/2022,269,16,23.6 °C,45.40%,Friday,0,6.1 kg,Beginner,Grains,22.43
672,6/21/2022,185,13,10.5 °C,79.78%,Tuesday,0,30.5 kg,Intermediate,Meat,42.84
873,6/20/2022,342,15,14.0 °C,73.05%,Monday,0,15.2 kg,Intermediate,Meat,40.19
441,6/19/2022,286,12,11.1 °C,30.13%,Sunday,0,5.6 kg,Intermediate,Meat,20.85
140,6/18/2022,426,17,20.8 °C,81.77%,Saturday,0,44.3 kg,Beginner,Meat,60.15
541,6/17/2022,259,16,31.8 °C,73.28%,Friday,0,20.4 kg,Intermediate,Dairy,36.1
1010,6/16/2022,112,10,28.6 °C,87.24%,Thursday,0,32.8 kg,Expert,Dairy,34.31
263,6/15/2022,135,12,21.8 °C,73.11%,Wednesday,0,40.4 kg,Intermediate,Dairy,40.61
433,6/14/2022,128,5,18.2 °C,47.80%,Tuesday,0,11.7 kg,Expert,Grains,20.47
374,6/13/2022,270,7,25.4 °C,70.48%,Monday,0,45.3 kg,Unknown,Vegetables,45.55
711,6/12/2022,242,7,22.0 °C,45.49%,Sunday,0,5.5 kg,Unknown,Vegetables,27.74
972,6/11/2022,336,16,26.3 °C,70.26%,Saturday,0,49.8 kg,Unknown,Meat,62.62
709,6/10/2022,330,6,24.8 °C,82.94%,Friday,0,24.0 kg,Expert,Meat,41.5
869,6/9/2022,321,13,28.1 °C,73.79%,Thursday,0,26.1 kg,Expert,Grains,43.1
12,6/8/2022,487,15,21.0 °C,53.39%,Wednesday,0,41.1 kg,Expert,Meat,61.21
945,6/6/2022,151,9,11.0 °C,85.77%,Monday,0,22.7 kg,Intermediate,Meat,35.92
356,6/5/2022,340,18,22.0 °C,57.04%,Sunday,0,19.7 kg,Expert,Vegetables,44.24
642,6/4/2022,330,6,29.6 °C,32.69%,Saturday,0,49.5 kg,Intermediate,Meat,54.96
578,6/3/2022,451,16,24.9 °C,70.53%,Friday,1,19.5 kg,Intermediate,Meat,40.83
730,6/1/2022,278,18,26.5 °C,64.49%,Wednesday,0,13.8 kg,Intermediate,Vegetables,40.82
753,5/31/2022,479,9,22.1 °C,82.79%,Tuesday,0,18.8 kg,Expert,Vegetables,42.23
616,5/30/2022,141,5,25.3 °C,61.90%,Monday,0,21.2 kg,Expert,Meat,34.98
381,5/29/2022,445,19,29.6 °C,79.09%,Sunday,0,46.2 kg,Intermediate,Grains,55.65
761,5/28/2022,114,18,25.6 °C,47.07%,Saturday,0,40.6 kg,Unknown,Grains,49.27
762,5/27/2022,306,7,33.7 °C,79.00%,Friday,0,19.2 kg,Expert,Vegetables,36.62
454,5/26/2022,492,11,33.4 °C,46.67%,Thursday,0,14.0 kg,Beginner,Vegetables,47.93
426,5/25/2022,382,10,17.5 °C,32.66%,Wednesday,0,27.6 kg,Intermediate,Vegetables,40.8
775,5/24/2022,458,12,25.3 °C,53.81%,Tuesday,0,26.2 kg,Intermediate,Meat,51.8
623,5/23/2022,497,19,25.4 °C,43.11%,Monday,1,19.4 kg,Expert,Meat,54.47
30,5/22/2022,354,15,24.9 °C,56.31%,Sunday,0,28.6 kg,Intermediate,Meat,43.08
443,5/21/2022,317,13,32.4 °C,57.77%,Saturday,1,32.7 kg,Intermediate,Vegetables,46.93
138,5/20/2022,104,5,13.1 °C,47.09%,Friday,0,21.7 kg,Unknown,Dairy,24.46
933,5/19/2022,356,13,19.9 °C,80.64%,Thursday,0,44.2 kg,Intermediate,Meat,50.39
256,5/18/2022,230,9,26.8 °C,80.00%,Wednesday,1,30.1 kg,Expert,Meat,39.16
92,5/17/2022,200,19,11.0 °C,32.97%,Tuesday,0,44.5 kg,Intermediate,Meat,48.46
430,5/16/2022,326,5,30.5 °C,81.25%,Monday,0,12.7 kg,Intermediate,Vegetables,30.04
920,5/15/2022,134,8,27.3 °C,62.22%,Sunday,0,11.7 kg,Unknown,Meat,18.39
389,5/14/2022,313,6,15.0 °C,65.45%,Saturday,0,31.7 kg,Expert,Dairy,41.74
422,5/12/2022,271,17,18.1 °C,56.85%,Thursday,0,28.9 kg,Expert,Meat,42.16
1042,5/11/2022,198,6,19.0 °C,58.18%,Wednesday,0,18.3 kg,Expert,Grains,25.53
795,5/10/2022,392,16,30.6 °C,67.35%,Tuesday,0,16.4 kg,Intermediate,Grains,37.44
937,5/9/2022,315,14,12.1 °C,58.38%,Monday,0,10.2 kg,Beginner,Meat,31.2
650,5/8/2022,161,11,32.1 °C,57.03%,Sunday,0,9.4 kg,Intermediate,Meat,17.2
593,5/7/2022,147,9,23.4 °C,58.18%,Saturday,0,21.4 kg,Unknown,Dairy,27.76
408,5/6/2022,132,14,11.8 °C,44.33%,Friday,0,6.9 kg,Expert,Dairy,27.58
617,5/5/2022,367,12,33.5 °C,84.44%,Thursday,0,14.7 kg,Beginner,Vegetables,33.43
772,5/4/2022,427,6,29.4 °C,66.24%,Wednesday,0,36.4 kg,Intermediate,Dairy,48.88
784,5/3/2022,300,10,18.7 °C,32.39%,Tuesday,0,32.9 kg,Intermediate,Meat,39.36
189,5/1/2022,127,7,22.1 °C,83.49%,Sunday,0,35.4 kg,Intermediate,Dairy,36.07
728,4/30/2022,140,15,10.5 °C,54.42%,Saturday,0,12.3 kg,Intermediate,Meat,27.07
323,4/29/2022,330,17,24.3 °C,46.14%,Friday,0,18.4 kg,Intermediate,Meat,37.39
588,4/28/2022,360,8,12.6 °C,89.03%,Thursday,0,44.1 kg,Intermediate,Dairy,52.93
594,4/27/2022,478,19,13.7 °C,58.37%,Wednesday,0,10.0 kg,Intermediate,Vegetables,50.21
656,4/26/2022,388,15,28.7 °C,46.29%,Tuesday,0,28.6 kg,Expert,Dairy,43.35
530,4/25/2022,262,18,28.1 °C,45.76%,Monday,0,16.8 kg,Intermediate,Grains,30.69
107,4/24/2022,491,9,32.7 °C,88.25%,Sunday,0,13.1 kg,Beginner,Meat,38.18
819,4/23/2022,180,10,33.8 °C,77.21%,Saturday,0,13.9 kg,Expert,Meat,26.39
718,4/22/2022,238,18,28.9 °C,44.05%,Friday,0,11.1 kg,Beginner,Vegetables,33.74
236,4/21/2022,162,14,26.4 °C,37.90%,Thursday,0,37.9 kg,Beginner,Vegetables,39.83
108,4/20/2022,235,5,28.1 °C,70.59%,Wednesday,0,23.7 kg,Intermediate,Dairy,37.03
8,4/18/2022,443,16,19.9 °C,77.33%,Monday,0,22.9 kg,Beginner,Vegetables,52.17
186,4/17/2022,108,5,27.0 °C,56.71%,Sunday,0,25.6 kg,Unknown,Meat,21.39
309,4/15/2022,444,5,13.7 °C,40.23%,Friday,0,32.6 kg,Beginner,Meat,43.88
721,4/14/2022,164,8,34.6 °C,39.89%,Thursday,0,5.0 kg,Unknown,Grains,13.96
34,4/12/2022,114,8,24.8 °C,38.25%,Tuesday,0,25.3 kg,Unknown,Meat,23.02
131,4/11/2022,256,10,18.2 °C,57.87%,Monday,0,44.3 kg,Unknown,Meat,53.02
558,4/10/2022,140,14,26.3 °C,84.64%,Sunday,0,47.4 kg,Intermediate,Meat,59.1
909,4/9/2022,479,10,14.0 °C,34.93%,Saturday,0,10.1 kg,Beginner,Vegetables,32.77
310,4/8/2022,287,9,15.6 °C,71.67%,Friday,0,9.8 kg,Unknown,Meat,22.33
880,4/6/2022,316,17,16.2 °C,87.35%,Wednesday,0,7.8 kg,Unknown,Meat,22.7
288,4/5/2022,379,7,25.2 °C,33.88%,Tuesday,1,12.5 kg,Unknown,Grains,34
571,4/4/2022,152,14,17.6 °C,82.11%,Monday,0,8.5 kg,Intermediate,Grains,30.18
218,4/3/2022,466,12,10.0 °C,31.96%,Sunday,0,26.0 kg,Intermediate,Grains,50.5
998,4/2/2022,437,15,21.6 °C,61.51%,Saturday,1,41.7 kg,Unknown,Grains,79.93
413,4/1/2022,336,19,14.6 °C,74.25%,Friday,0,20.6 kg,Expert,Grains,42.59
532,3/31/2022,307,6,34.2 °C,59.30%,Thursday,0,31.1 kg,Beginner,Meat,49
80,3/30/2022,312,13,32.8 °C,43.21%,Wednesday,0,19.3 kg,Intermediate,Meat,27.26
1044,3/29/2022,395,18,17.4 °C,45.14%,Tuesday,0,40.6 kg,Intermediate,Grains,50.37
46,3/28/2022,289,7,29.9 °C,69.53%,Monday,0,29.8 kg,Intermediate,Meat,40.27
865,3/27/2022,351,10,10.5 °C,64.40%,Sunday,0,21.7 kg,Unknown,Dairy,39.04
297,3/26/2022,314,12,23.3 °C,77.35%,Saturday,0,18.8 kg,Expert,Dairy,32.09
505,3/25/2022,370,18,21.3 °C,46.07%,Friday,0,35.4 kg,Intermediate,Meat,54.1
299,3/24/2022,403,5,13.8 °C,55.75%,Thursday,0,46.9 kg,Intermediate,Vegetables,52.24
333,3/23/2022,450,10,12.3 °C,47.12%,Wednesday,0,33.3 kg,Intermediate,Dairy,41.41
988,3/22/2022,369,10,15.1 °C,80.29%,Tuesday,0,48.5 kg,Intermediate,Meat,52.76
380,3/21/2022,301,19,14.0 °C,61.88%,Monday,1,18.6 kg,Expert,Vegetables,45.18
44,3/18/2022,317,16,24.1 °C,50.42%,Friday,0,46.6 kg,Beginner,Dairy,55.91
579,3/17/2022,290,8,27.9 °C,49.82%,Thursday,0,38.0 kg,Beginner,Grains,48.02
526,3/16/2022,409,6,31.7 °C,82.64%,Wednesday,0,28.8 kg,Unknown,Vegetables,46.71
450,3/15/2022,359,10,30.2 °C,82.63%,Tuesday,0,47.4 kg,Intermediate,Meat,70.47
192,3/14/2022,205,19,28.7 °C,33.87%,Monday,0,20.2 kg,Expert,Grains,38.08
287,3/13/2022,153,12,28.1 °C,65.93%,Sunday,0,39.7 kg,Beginner,Grains,39.67
27,3/12/2022,489,8,18.0 °C,73.81%,Saturday,0,36.5 kg,Expert,Meat,60.2
573,3/10/2022,487,12,21.1 °C,34.45%,Thursday,0,45.9 kg,Expert,Grains,53.03
143,3/9/2022,459,19,29.0 °C,79.47%,Wednesday,0,8.4 kg,Intermediate,Grains,41.91
141,3/8/2022,149,7,34.1 °C,47.03%,Tuesday,0,45.2 kg,Beginner,Vegetables,39.13
271,3/7/2022,180,7,31.4 °C,64.03%,Monday,0,11.1 kg,Intermediate,Meat,26.92
942,3/6/2022,305,11,32.7 °C,32.77%,Sunday,0,29.5 kg,Beginner,Meat,38.21
934,3/4/2022,363,11,10.8 °C,34.10%,Friday,0,11.9 kg,Expert,Meat,37.71
506,3/3/2022,466,12,34.1 °C,37.21%,Thursday,0,34.4 kg,Beginner,Vegetables,54.97
215,3/2/2022,191,19,31.7 °C,43.11%,Wednesday,0,31.9 kg,Beginner,Grains,38.56
25,3/1/2022,439,18,13.3 °C,56.99%,Tuesday,0,23.0 kg,Intermediate,Dairy,50.48
126,2/28/2022,485,18,15.8 °C,68.11%,Monday,0,17.2 kg,Unknown,Dairy,39.33
597,2/27/2022,152,18,29.3 °C,61.96%,Sunday,0,28.5 kg,Unknown,Meat,42.84
470,2/26/2022,445,15,31.0 °C,67.69%,Saturday,0,47.0 kg,Expert,Meat,59.81
188,2/25/2022,364,18,17.5 °C,63.55%,Friday,0,18.3 kg,Intermediate,Vegetables,29.33
104,2/24/2022,341,8,30.7 °C,67.28%,Thursday,0,7.2 kg,Intermediate,Meat,35.82
729,2/23/2022,113,11,23.2 °C,88.91%,Wednesday,0,8.0 kg,Intermediate,Meat,20.22
954,2/22/2022,415,10,31.4 °C,80.37%,Tuesday,0,26.3 kg,Beginner,Dairy,50.9
485,2/21/2022,188,10,12.6 °C,71.96%,Monday,0,48.9 kg,Intermediate,Meat,43.73
620,2/20/2022,487,9,33.6 °C,79.56%,Sunday,0,42.5 kg,Expert,Meat,51.64
56,2/19/2022,373,10,21.7 °C,88.37%,Saturday,0,34.3 kg,Unknown,Dairy,53.95
480,2/18/2022,373,10,21.3 °C,88.37%,Saturday,0,34.3 kg,Unknown,Dairy,53.95
48,2/17/2022,266,9,14.4 °C,72.46%,Friday,0,39.7 kg,Intermediate,Meat,39.66
675,2/16/2022,266,9,14.0 °C,72.46%,Friday,0,39.7 kg,Intermediate,Meat,39.66
461,2/15/2022,428,5,9.8 °C,37.65%,Thursday,0,17.5 kg,Intermediate,Dairy,25.35
915,2/14/2022,428,5,10.0 °C,37.65%,Thursday,0,17.5 kg,Intermediate,Dairy,25.35
132,2/13/2022,120,13,16.5 °C,87.97%,Wednesday,0,18.4 kg,Intermediate,Grains,21.21
602,2/12/2022,120,13,16.3 °C,87.97%,Wednesday,0,18.4 kg,Intermediate,Grains,21.21
668,2/11/2022,234,9,30.5 °C,31.63%,Tuesday,0,17.7 kg,Beginner,Dairy,35.34
852,2/10/2022,234,9,30.1 °C,31.63%,Tuesday,0,17.7 kg,Beginner,Dairy,35.34
194,2/8/2022,406,10,19.3 °C,55.29%,Monday,0,28.6 kg,Expert,Meat,44.62
1048,2/7/2022,406,10,19.1 °C,55.29%,Monday,0,28.6 kg,Expert,Meat,44.62
387,2/6/2022,230,17,30.5 °C,31.08%,Sunday,0,29.8 kg,Intermediate,Vegetables,36.81
985,2/5/2022,230,17,30.8 °C,31.08%,Sunday,0,29.8 kg,Intermediate,Vegetables,36.81
540,2/4/2022,419,15,11.6 °C,58.74%,Saturday,0,15.2 kg,Intermediate,Dairy,35.57
1016,2/2/2022,419,15,12.0 °C,58.74%,Saturday,0,15.2 kg,Intermediate,Dairy,35.57
365,2/1/2022,343,12,19.6 °C,78.14%,Friday,0,15.5 kg,Intermediate,Meat,35.12
466,1/31/2022,343,12,19.6 °C,78.14%,Friday,0,15.5 kg,Intermediate,Meat,35.12
938,1/30/2022,154,15,24.7 °C,54.77%,Thursday,0,40.8 kg,Unknown,Vegetables,30.74
946,1/29/2022,154,15,24.9 °C,54.77%,Thursday,0,40.8 kg,Unknown,Vegetables,30.74
635,1/28/2022,150,14,21.2 °C,52.90%,Tuesday,0,18.8 kg,Beginner,Vegetables,24.45
812,1/27/2022,150,14,21.2 °C,52.90%,Tuesday,0,18.8 kg,Beginner,Vegetables,24.45
692,1/26/2022,274,8,26.9 °C,43.60%,Monday,0,39.5 kg,Intermediate,Dairy,49.14
996,1/24/2022,274,8,26.9 °C,43.60%,Monday,0,39.5 kg,Intermediate,Dairy,49.14
706,1/23/2022,289,10,35.1 °C,52.77%,Sunday,0,35.3 kg,Beginner,Grains,44.97
739,1/22/2022,289,10,34.8 °C,52.77%,Sunday,0,35.3 kg,Beginner,Grains,44.97
697,1/21/2022,370,9,31.2 °C,53.39%,Saturday,0,40.1 kg,Intermediate,Grains,53.44
871,1/20/2022,370,9,31.3 °C,53.39%,Saturday,0,40.1 kg,Intermediate,Grains,53.44
694,1/16/2022,287,13,11.6 °C,40.14%,Friday,0,9.2 kg,Beginner,Dairy,22.99
990,1/13/2022,287,13,11.9 °C,40.14%,Friday,0,9.2 kg,Beginner,Dairy,22.99
596,1/12/2022,158,7,22.1 °C,82.45%,Wednesday,0,24.2 kg,Intermediate,Vegetables,34.5
916,1/11/2022,158,7,21.8 °C,82.45%,Wednesday,0,24.2 kg,Intermediate,Vegetables,34.5
4,1/10/2022,148,16,27.7 °C,69.05%,Tuesday,0,41.2 kg,Beginner,Meat,53.01
941,1/8/2022,148,16,27.6 °C,69.05%,Tuesday,0,41.2 kg,Beginner,Meat,53.01
101,1/7/2022,444,5,29.3 °C,83.93%,Monday,0,16.6 kg,Intermediate,Meat,37.42
547,1/6/2022,444,5,28.8 °C,83.93%,Monday,0,16.6 kg,Intermediate,Meat,37.42
262,1/5/2022,335,12,14.2 °C,33.55%,Sunday,0,30.8 kg,Intermediate,Meat,40.6
777,1/4/2022,335,12,14.2 °C,33.55%,Sunday,0,30.8 kg,Intermediate,Meat,40.6
119,1/3/2022,352,12,33.7 °C,78.44%,Saturday,0,10.4 kg,Intermediate,Grains,42.44
434,1/2/2022,352,12,33.7 °C,78.44%,Saturday,0,10.4 kg,Intermediate,Grains,42.44
144,1/1/2022,121,19,29.1 °C,43.97%,Friday,0,35.0 kg,Beginner,Dairy,34.04
